split,index_in_split,filename,instance_path
train,1801,cpbsd_instance_2547_N5_K50_normal_rho0.0_full_hvhm.msgpack,/Users/sensen/.openclaw/workspace/domains/revenue-management/experiments/cpbsd_gcn_single_setting_n5_normal_rho0_full_hvhm/all_instances/cpbsd_instance_2547_N5_K50_normal_rho0.0_full_hvhm.msgpack
train,1802,cpbsd_instance_2548_N5_K50_normal_rho0.0_full_hvhm.msgpack,/Users/sensen/.openclaw/workspace/domains/revenue-management/experiments/cpbsd_gcn_single_setting_n5_normal_rho0_full_hvhm/all_instances/cpbsd_instance_2548_N5_K50_normal_rho0.0_full_hvhm.msgpack
train,1803,cpbsd_instance_2549_N5_K50_normal_rho0.0_full_hvhm.msgpack,/Users/sensen/.openclaw/workspace/domains/revenue-management/experiments/cpbsd_gcn_single_setting_n5_normal_rho0_full_hvhm/all_instances/cpbsd_instance_2549_N5_K50_normal_rho0.0_full_hvhm.msgpack
train,1804,cpbsd_instance_254_N5_K50_normal_rho0.0_full_hvhm.msgpack,/Users/sensen/.openclaw/workspace/domains/revenue-management/experiments/cpbsd_gcn_single_setting_n5_normal_rho0_full_hvhm/all_instances/cpbsd_instance_254_N5_K50_normal_rho0.0_full_hvhm.msgpack
train,1805,cpbsd_instance_2550_N5_K50_normal_rho0.0_full_hvhm.msgpack,/Users/sensen/.openclaw/workspace/domains/revenue-management/experiments/cpbsd_gcn_single_setting_n5_normal_rho0_full_hvhm/all_instances/cpbsd_instance_2550_N5_K50_normal_rho0.0_full_hvhm.msgpack
train,1806,cpbsd_instance_2551_N5_K50_normal_rho0.0_full_hvhm.msgpack,/Users/sensen/.openclaw/workspace/domains/revenue-management/experiments/cpbsd_gcn_single_setting_n5_normal_rho0_full_hvhm/all_instances/cpbsd_instance_2551_N5_K50_normal_rho0.0_full_hvhm.msgpack
train,1807,cpbsd_instance_2552_N5_K50_normal_rho0.0_full_hvhm.msgpack,/Users/sensen/.openclaw/workspace/domains/revenue-management/experiments/cpbsd_gcn_single_setting_n5_normal_rho0_full_hvhm/all_instances/cpbsd_instance_2552_N5_K50_normal_rho0.0_full_hvhm.msgpack
train,1808,cpbsd_instance_2553_N5_K50_normal_rho0.0_full_hvhm.msgpack,/Users/sensen/.openclaw/workspace/domains/revenue-management/experiments/cpbsd_gcn_single_setting_n5_normal_rho0_full_hvhm/all_instances/cpbsd_instance_2553_N5_K50_normal_rho0.0_full_hvhm.msgpack
train,1809,cpbsd_instance_2554_N5_K50_normal_rho0.0_full_hvhm.msgpack,/Users/sensen/.openclaw/workspace/domains/revenue-management/experiments/cpbsd_gcn_single_setting_n5_normal_rho0_full_hvhm/all_instances/cpbsd_instance_2554_N5_K50_normal_rho0.0_full_hvhm.msgpack
train,1810,cpbsd_instance_2555_N5_K50_normal_rho0.0_full_hvhm.msgpack,/Users/sensen/.openclaw/workspace/domains/revenue-management/experiments/cpbsd_gcn_single_setting_n5_normal_rho0_full_hvhm/all_instances/cpbsd_instance_2555_N5_K50_normal_rho0.0_full_hvhm.msgpack
train,1811,cpbsd_instance_2556_N5_K50_normal_rho0.0_full_hvhm.msgpack,/Users/sensen/.openclaw/workspace/domains/revenue-management/experiments/cpbsd_gcn_single_setting_n5_normal_rho0_full_hvhm/all_instances/cpbsd_instance_2556_N5_K50_normal_rho0.0_full_hvhm.msgpack
train,1812,cpbsd_instance_2557_N5_K50_normal_rho0.0_full_hvhm.msgpack,/Users/sensen/.openclaw/workspace/domains/revenue-management/experiments/cpbsd_gcn_single_setting_n5_normal_rho0_full_hvhm/all_instances/cpbsd_instance_2557_N5_K50_normal_rho0.0_full_hvhm.msgpack
train,1813,cpbsd_instance_2558_N5_K50_normal_rho0.0_full_hvhm.msgpack,/Users/sensen/.openclaw/workspace/domains/revenue-management/experiments/cpbsd_gcn_single_setting_n5_normal_rho0_full_hvhm/all_instances/cpbsd_instance_2558_N5_K50_normal_rho0.0_full_hvhm.msgpack
train,1814,cpbsd_instance_2559_N5_K50_normal_rho0.0_full_hvhm.msgpack,/Users/sensen/.openclaw/workspace/domains/revenue-management/experiments/cpbsd_gcn_single_setting_n5_normal_rho0_full_hvhm/all_instances/cpbsd_instance_2559_N5_K50_normal_rho0.0_full_hvhm.msgpack
train,1815,cpbsd_instance_255_N5_K50_normal_rho0.0_full_hvhm.msgpack,/Users/sensen/.openclaw/workspace/domains/revenue-management/experiments/cpbsd_gcn_single_setting_n5_normal_rho0_full_hvhm/all_instances/cpbsd_instance_255_N5_K50_normal_rho0.0_full_hvhm.msgpack
train,1816,cpbsd_instance_2560_N5_K50_normal_rho0.0_full_hvhm.msgpack,/Users/sensen/.openclaw/workspace/domains/revenue-management/experiments/cpbsd_gcn_single_setting_n5_normal_rho0_full_hvhm/all_instances/cpbsd_instance_2560_N5_K50_normal_rho0.0_full_hvhm.msgpack
train,1817,cpbsd_instance_2561_N5_K50_normal_rho0.0_full_hvhm.msgpack,/Users/sensen/.openclaw/workspace/domains/revenue-management/experiments/cpbsd_gcn_single_setting_n5_normal_rho0_full_hvhm/all_instances/cpbsd_instance_2561_N5_K50_normal_rho0.0_full_hvhm.msgpack
train,1818,cpbsd_instance_2562_N5_K50_normal_rho0.0_full_hvhm.msgpack,/Users/sensen/.openclaw/workspace/domains/revenue-management/experiments/cpbsd_gcn_single_setting_n5_normal_rho0_full_hvhm/all_instances/cpbsd_instance_2562_N5_K50_normal_rho0.0_full_hvhm.msgpack
train,1819,cpbsd_instance_2563_N5_K50_normal_rho0.0_full_hvhm.msgpack,/Users/sensen/.openclaw/workspace/domains/revenue-management/experiments/cpbsd_gcn_single_setting_n5_normal_rho0_full_hvhm/all_instances/cpbsd_instance_2563_N5_K50_normal_rho0.0_full_hvhm.msgpack
train,1820,cpbsd_instance_2564_N5_K50_normal_rho0.0_full_hvhm.msgpack,/Users/sensen/.openclaw/workspace/domains/revenue-management/experiments/cpbsd_gcn_single_setting_n5_normal_rho0_full_hvhm/all_instances/cpbsd_instance_2564_N5_K50_normal_rho0.0_full_hvhm.msgpack
train,1821,cpbsd_instance_2565_N5_K50_normal_rho0.0_full_hvhm.msgpack,/Users/sensen/.openclaw/workspace/domains/revenue-management/experiments/cpbsd_gcn_single_setting_n5_normal_rho0_full_hvhm/all_instances/cpbsd_instance_2565_N5_K50_normal_rho0.0_full_hvhm.msgpack
train,1822,cpbsd_instance_2566_N5_K50_normal_rho0.0_full_hvhm.msgpack,/Users/sensen/.openclaw/workspace/domains/revenue-management/experiments/cpbsd_gcn_single_setting_n5_normal_rho0_full_hvhm/all_instances/cpbsd_instance_2566_N5_K50_normal_rho0.0_full_hvhm.msgpack
train,1823,cpbsd_instance_2567_N5_K50_normal_rho0.0_full_hvhm.msgpack,/Users/sensen/.openclaw/workspace/domains/revenue-management/experiments/cpbsd_gcn_single_setting_n5_normal_rho0_full_hvhm/all_instances/cpbsd_instance_2567_N5_K50_normal_rho0.0_full_hvhm.msgpack
train,1824,cpbsd_instance_2568_N5_K50_normal_rho0.0_full_hvhm.msgpack,/Users/sensen/.openclaw/workspace/domains/revenue-management/experiments/cpbsd_gcn_single_setting_n5_normal_rho0_full_hvhm/all_instances/cpbsd_instance_2568_N5_K50_normal_rho0.0_full_hvhm.msgpack
train,1825,cpbsd_instance_2569_N5_K50_normal_rho0.0_full_hvhm.msgpack,/Users/sensen/.openclaw/workspace/domains/revenue-management/experiments/cpbsd_gcn_single_setting_n5_normal_rho0_full_hvhm/all_instances/cpbsd_instance_2569_N5_K50_normal_rho0.0_full_hvhm.msgpack
train,1826,cpbsd_instance_256_N5_K50_normal_rho0.0_full_hvhm.msgpack,/Users/sensen/.openclaw/workspace/domains/revenue-management/experiments/cpbsd_gcn_single_setting_n5_normal_rho0_full_hvhm/all_instances/cpbsd_instance_256_N5_K50_normal_rho0.0_full_hvhm.msgpack
train,1827,cpbsd_instance_2570_N5_K50_normal_rho0.0_full_hvhm.msgpack,/Users/sensen/.openclaw/workspace/domains/revenue-management/experiments/cpbsd_gcn_single_setting_n5_normal_rho0_full_hvhm/all_instances/cpbsd_instance_2570_N5_K50_normal_rho0.0_full_hvhm.msgpack
train,1828,cpbsd_instance_2571_N5_K50_normal_rho0.0_full_hvhm.msgpack,/Users/sensen/.openclaw/workspace/domains/revenue-management/experiments/cpbsd_gcn_single_setting_n5_normal_rho0_full_hvhm/all_instances/cpbsd_instance_2571_N5_K50_normal_rho0.0_full_hvhm.msgpack
train,1829,cpbsd_instance_2572_N5_K50_normal_rho0.0_full_hvhm.msgpack,/Users/sensen/.openclaw/workspace/domains/revenue-management/experiments/cpbsd_gcn_single_setting_n5_normal_rho0_full_hvhm/all_instances/cpbsd_instance_2572_N5_K50_normal_rho0.0_full_hvhm.msgpack
train,1830,cpbsd_instance_2573_N5_K50_normal_rho0.0_full_hvhm.msgpack,/Users/sensen/.openclaw/workspace/domains/revenue-management/experiments/cpbsd_gcn_single_setting_n5_normal_rho0_full_hvhm/all_instances/cpbsd_instance_2573_N5_K50_normal_rho0.0_full_hvhm.msgpack
train,1831,cpbsd_instance_2574_N5_K50_normal_rho0.0_full_hvhm.msgpack,/Users/sensen/.openclaw/workspace/domains/revenue-management/experiments/cpbsd_gcn_single_setting_n5_normal_rho0_full_hvhm/all_instances/cpbsd_instance_2574_N5_K50_normal_rho0.0_full_hvhm.msgpack
train,1832,cpbsd_instance_2575_N5_K50_normal_rho0.0_full_hvhm.msgpack,/Users/sensen/.openclaw/workspace/domains/revenue-management/experiments/cpbsd_gcn_single_setting_n5_normal_rho0_full_hvhm/all_instances/cpbsd_instance_2575_N5_K50_normal_rho0.0_full_hvhm.msgpack
train,1833,cpbsd_instance_2576_N5_K50_normal_rho0.0_full_hvhm.msgpack,/Users/sensen/.openclaw/workspace/domains/revenue-management/experiments/cpbsd_gcn_single_setting_n5_normal_rho0_full_hvhm/all_instances/cpbsd_instance_2576_N5_K50_normal_rho0.0_full_hvhm.msgpack
train,1834,cpbsd_instance_2577_N5_K50_normal_rho0.0_full_hvhm.msgpack,/Users/sensen/.openclaw/workspace/domains/revenue-management/experiments/cpbsd_gcn_single_setting_n5_normal_rho0_full_hvhm/all_instances/cpbsd_instance_2577_N5_K50_normal_rho0.0_full_hvhm.msgpack
train,1835,cpbsd_instance_2578_N5_K50_normal_rho0.0_full_hvhm.msgpack,/Users/sensen/.openclaw/workspace/domains/revenue-management/experiments/cpbsd_gcn_single_setting_n5_normal_rho0_full_hvhm/all_instances/cpbsd_instance_2578_N5_K50_normal_rho0.0_full_hvhm.msgpack
train,1836,cpbsd_instance_2579_N5_K50_normal_rho0.0_full_hvhm.msgpack,/Users/sensen/.openclaw/workspace/domains/revenue-management/experiments/cpbsd_gcn_single_setting_n5_normal_rho0_full_hvhm/all_instances/cpbsd_instance_2579_N5_K50_normal_rho0.0_full_hvhm.msgpack
train,1837,cpbsd_instance_257_N5_K50_normal_rho0.0_full_hvhm.msgpack,/Users/sensen/.openclaw/workspace/domains/revenue-management/experiments/cpbsd_gcn_single_setting_n5_normal_rho0_full_hvhm/all_instances/cpbsd_instance_257_N5_K50_normal_rho0.0_full_hvhm.msgpack
train,1838,cpbsd_instance_2580_N5_K50_normal_rho0.0_full_hvhm.msgpack,/Users/sensen/.openclaw/workspace/domains/revenue-management/experiments/cpbsd_gcn_single_setting_n5_normal_rho0_full_hvhm/all_instances/cpbsd_instance_2580_N5_K50_normal_rho0.0_full_hvhm.msgpack
train,1839,cpbsd_instance_2581_N5_K50_normal_rho0.0_full_hvhm.msgpack,/Users/sensen/.openclaw/workspace/domains/revenue-management/experiments/cpbsd_gcn_single_setting_n5_normal_rho0_full_hvhm/all_instances/cpbsd_instance_2581_N5_K50_normal_rho0.0_full_hvhm.msgpack
train,1840,cpbsd_instance_2582_N5_K50_normal_rho0.0_full_hvhm.msgpack,/Users/sensen/.openclaw/workspace/domains/revenue-management/experiments/cpbsd_gcn_single_setting_n5_normal_rho0_full_hvhm/all_instances/cpbsd_instance_2582_N5_K50_normal_rho0.0_full_hvhm.msgpack
train,1841,cpbsd_instance_2583_N5_K50_normal_rho0.0_full_hvhm.msgpack,/Users/sensen/.openclaw/workspace/domains/revenue-management/experiments/cpbsd_gcn_single_setting_n5_normal_rho0_full_hvhm/all_instances/cpbsd_instance_2583_N5_K50_normal_rho0.0_full_hvhm.msgpack
train,1842,cpbsd_instance_2584_N5_K50_normal_rho0.0_full_hvhm.msgpack,/Users/sensen/.openclaw/workspace/domains/revenue-management/experiments/cpbsd_gcn_single_setting_n5_normal_rho0_full_hvhm/all_instances/cpbsd_instance_2584_N5_K50_normal_rho0.0_full_hvhm.msgpack
train,1843,cpbsd_instance_2585_N5_K50_normal_rho0.0_full_hvhm.msgpack,/Users/sensen/.openclaw/workspace/domains/revenue-management/experiments/cpbsd_gcn_single_setting_n5_normal_rho0_full_hvhm/all_instances/cpbsd_instance_2585_N5_K50_normal_rho0.0_full_hvhm.msgpack
train,1844,cpbsd_instance_2586_N5_K50_normal_rho0.0_full_hvhm.msgpack,/Users/sensen/.openclaw/workspace/domains/revenue-management/experiments/cpbsd_gcn_single_setting_n5_normal_rho0_full_hvhm/all_instances/cpbsd_instance_2586_N5_K50_normal_rho0.0_full_hvhm.msgpack
train,1845,cpbsd_instance_2587_N5_K50_normal_rho0.0_full_hvhm.msgpack,/Users/sensen/.openclaw/workspace/domains/revenue-management/experiments/cpbsd_gcn_single_setting_n5_normal_rho0_full_hvhm/all_instances/cpbsd_instance_2587_N5_K50_normal_rho0.0_full_hvhm.msgpack
train,1846,cpbsd_instance_2588_N5_K50_normal_rho0.0_full_hvhm.msgpack,/Users/sensen/.openclaw/workspace/domains/revenue-management/experiments/cpbsd_gcn_single_setting_n5_normal_rho0_full_hvhm/all_instances/cpbsd_instance_2588_N5_K50_normal_rho0.0_full_hvhm.msgpack
train,1847,cpbsd_instance_2589_N5_K50_normal_rho0.0_full_hvhm.msgpack,/Users/sensen/.openclaw/workspace/domains/revenue-management/experiments/cpbsd_gcn_single_setting_n5_normal_rho0_full_hvhm/all_instances/cpbsd_instance_2589_N5_K50_normal_rho0.0_full_hvhm.msgpack
train,1848,cpbsd_instance_258_N5_K50_normal_rho0.0_full_hvhm.msgpack,/Users/sensen/.openclaw/workspace/domains/revenue-management/experiments/cpbsd_gcn_single_setting_n5_normal_rho0_full_hvhm/all_instances/cpbsd_instance_258_N5_K50_normal_rho0.0_full_hvhm.msgpack
train,1849,cpbsd_instance_2590_N5_K50_normal_rho0.0_full_hvhm.msgpack,/Users/sensen/.openclaw/workspace/domains/revenue-management/experiments/cpbsd_gcn_single_setting_n5_normal_rho0_full_hvhm/all_instances/cpbsd_instance_2590_N5_K50_normal_rho0.0_full_hvhm.msgpack
train,1850,cpbsd_instance_2591_N5_K50_normal_rho0.0_full_hvhm.msgpack,/Users/sensen/.openclaw/workspace/domains/revenue-management/experiments/cpbsd_gcn_single_setting_n5_normal_rho0_full_hvhm/all_instances/cpbsd_instance_2591_N5_K50_normal_rho0.0_full_hvhm.msgpack
train,1851,cpbsd_instance_2592_N5_K50_normal_rho0.0_full_hvhm.msgpack,/Users/sensen/.openclaw/workspace/domains/revenue-management/experiments/cpbsd_gcn_single_setting_n5_normal_rho0_full_hvhm/all_instances/cpbsd_instance_2592_N5_K50_normal_rho0.0_full_hvhm.msgpack
train,1852,cpbsd_instance_2593_N5_K50_normal_rho0.0_full_hvhm.msgpack,/Users/sensen/.openclaw/workspace/domains/revenue-management/experiments/cpbsd_gcn_single_setting_n5_normal_rho0_full_hvhm/all_instances/cpbsd_instance_2593_N5_K50_normal_rho0.0_full_hvhm.msgpack
train,1853,cpbsd_instance_2594_N5_K50_normal_rho0.0_full_hvhm.msgpack,/Users/sensen/.openclaw/workspace/domains/revenue-management/experiments/cpbsd_gcn_single_setting_n5_normal_rho0_full_hvhm/all_instances/cpbsd_instance_2594_N5_K50_normal_rho0.0_full_hvhm.msgpack
train,1854,cpbsd_instance_2595_N5_K50_normal_rho0.0_full_hvhm.msgpack,/Users/sensen/.openclaw/workspace/domains/revenue-management/experiments/cpbsd_gcn_single_setting_n5_normal_rho0_full_hvhm/all_instances/cpbsd_instance_2595_N5_K50_normal_rho0.0_full_hvhm.msgpack
train,1855,cpbsd_instance_2596_N5_K50_normal_rho0.0_full_hvhm.msgpack,/Users/sensen/.openclaw/workspace/domains/revenue-management/experiments/cpbsd_gcn_single_setting_n5_normal_rho0_full_hvhm/all_instances/cpbsd_instance_2596_N5_K50_normal_rho0.0_full_hvhm.msgpack
train,1856,cpbsd_instance_2597_N5_K50_normal_rho0.0_full_hvhm.msgpack,/Users/sensen/.openclaw/workspace/domains/revenue-management/experiments/cpbsd_gcn_single_setting_n5_normal_rho0_full_hvhm/all_instances/cpbsd_instance_2597_N5_K50_normal_rho0.0_full_hvhm.msgpack
train,1857,cpbsd_instance_2598_N5_K50_normal_rho0.0_full_hvhm.msgpack,/Users/sensen/.openclaw/workspace/domains/revenue-management/experiments/cpbsd_gcn_single_setting_n5_normal_rho0_full_hvhm/all_instances/cpbsd_instance_2598_N5_K50_normal_rho0.0_full_hvhm.msgpack
train,1858,cpbsd_instance_2599_N5_K50_normal_rho0.0_full_hvhm.msgpack,/Users/sensen/.openclaw/workspace/domains/revenue-management/experiments/cpbsd_gcn_single_setting_n5_normal_rho0_full_hvhm/all_instances/cpbsd_instance_2599_N5_K50_normal_rho0.0_full_hvhm.msgpack
train,1859,cpbsd_instance_259_N5_K50_normal_rho0.0_full_hvhm.msgpack,/Users/sensen/.openclaw/workspace/domains/revenue-management/experiments/cpbsd_gcn_single_setting_n5_normal_rho0_full_hvhm/all_instances/cpbsd_instance_259_N5_K50_normal_rho0.0_full_hvhm.msgpack
train,1860,cpbsd_instance_2600_N5_K50_normal_rho0.0_full_hvhm.msgpack,/Users/sensen/.openclaw/workspace/domains/revenue-management/experiments/cpbsd_gcn_single_setting_n5_normal_rho0_full_hvhm/all_instances/cpbsd_instance_2600_N5_K50_normal_rho0.0_full_hvhm.msgpack
train,1861,cpbsd_instance_2601_N5_K50_normal_rho0.0_full_hvhm.msgpack,/Users/sensen/.openclaw/workspace/domains/revenue-management/experiments/cpbsd_gcn_single_setting_n5_normal_rho0_full_hvhm/all_instances/cpbsd_instance_2601_N5_K50_normal_rho0.0_full_hvhm.msgpack
train,1862,cpbsd_instance_2602_N5_K50_normal_rho0.0_full_hvhm.msgpack,/Users/sensen/.openclaw/workspace/domains/revenue-management/experiments/cpbsd_gcn_single_setting_n5_normal_rho0_full_hvhm/all_instances/cpbsd_instance_2602_N5_K50_normal_rho0.0_full_hvhm.msgpack
train,1863,cpbsd_instance_2603_N5_K50_normal_rho0.0_full_hvhm.msgpack,/Users/sensen/.openclaw/workspace/domains/revenue-management/experiments/cpbsd_gcn_single_setting_n5_normal_rho0_full_hvhm/all_instances/cpbsd_instance_2603_N5_K50_normal_rho0.0_full_hvhm.msgpack
train,1864,cpbsd_instance_2604_N5_K50_normal_rho0.0_full_hvhm.msgpack,/Users/sensen/.openclaw/workspace/domains/revenue-management/experiments/cpbsd_gcn_single_setting_n5_normal_rho0_full_hvhm/all_instances/cpbsd_instance_2604_N5_K50_normal_rho0.0_full_hvhm.msgpack
train,1865,cpbsd_instance_2605_N5_K50_normal_rho0.0_full_hvhm.msgpack,/Users/sensen/.openclaw/workspace/domains/revenue-management/experiments/cpbsd_gcn_single_setting_n5_normal_rho0_full_hvhm/all_instances/cpbsd_instance_2605_N5_K50_normal_rho0.0_full_hvhm.msgpack
train,1866,cpbsd_instance_2606_N5_K50_normal_rho0.0_full_hvhm.msgpack,/Users/sensen/.openclaw/workspace/domains/revenue-management/experiments/cpbsd_gcn_single_setting_n5_normal_rho0_full_hvhm/all_instances/cpbsd_instance_2606_N5_K50_normal_rho0.0_full_hvhm.msgpack
train,1867,cpbsd_instance_2607_N5_K50_normal_rho0.0_full_hvhm.msgpack,/Users/sensen/.openclaw/workspace/domains/revenue-management/experiments/cpbsd_gcn_single_setting_n5_normal_rho0_full_hvhm/all_instances/cpbsd_instance_2607_N5_K50_normal_rho0.0_full_hvhm.msgpack
train,1868,cpbsd_instance_2608_N5_K50_normal_rho0.0_full_hvhm.msgpack,/Users/sensen/.openclaw/workspace/domains/revenue-management/experiments/cpbsd_gcn_single_setting_n5_normal_rho0_full_hvhm/all_instances/cpbsd_instance_2608_N5_K50_normal_rho0.0_full_hvhm.msgpack
train,1869,cpbsd_instance_2609_N5_K50_normal_rho0.0_full_hvhm.msgpack,/Users/sensen/.openclaw/workspace/domains/revenue-management/experiments/cpbsd_gcn_single_setting_n5_normal_rho0_full_hvhm/all_instances/cpbsd_instance_2609_N5_K50_normal_rho0.0_full_hvhm.msgpack
train,1870,cpbsd_instance_260_N5_K50_normal_rho0.0_full_hvhm.msgpack,/Users/sensen/.openclaw/workspace/domains/revenue-management/experiments/cpbsd_gcn_single_setting_n5_normal_rho0_full_hvhm/all_instances/cpbsd_instance_260_N5_K50_normal_rho0.0_full_hvhm.msgpack
train,1871,cpbsd_instance_2610_N5_K50_normal_rho0.0_full_hvhm.msgpack,/Users/sensen/.openclaw/workspace/domains/revenue-management/experiments/cpbsd_gcn_single_setting_n5_normal_rho0_full_hvhm/all_instances/cpbsd_instance_2610_N5_K50_normal_rho0.0_full_hvhm.msgpack
train,1872,cpbsd_instance_2611_N5_K50_normal_rho0.0_full_hvhm.msgpack,/Users/sensen/.openclaw/workspace/domains/revenue-management/experiments/cpbsd_gcn_single_setting_n5_normal_rho0_full_hvhm/all_instances/cpbsd_instance_2611_N5_K50_normal_rho0.0_full_hvhm.msgpack
train,1873,cpbsd_instance_2612_N5_K50_normal_rho0.0_full_hvhm.msgpack,/Users/sensen/.openclaw/workspace/domains/revenue-management/experiments/cpbsd_gcn_single_setting_n5_normal_rho0_full_hvhm/all_instances/cpbsd_instance_2612_N5_K50_normal_rho0.0_full_hvhm.msgpack
train,1874,cpbsd_instance_2613_N5_K50_normal_rho0.0_full_hvhm.msgpack,/Users/sensen/.openclaw/workspace/domains/revenue-management/experiments/cpbsd_gcn_single_setting_n5_normal_rho0_full_hvhm/all_instances/cpbsd_instance_2613_N5_K50_normal_rho0.0_full_hvhm.msgpack
train,1875,cpbsd_instance_2614_N5_K50_normal_rho0.0_full_hvhm.msgpack,/Users/sensen/.openclaw/workspace/domains/revenue-management/experiments/cpbsd_gcn_single_setting_n5_normal_rho0_full_hvhm/all_instances/cpbsd_instance_2614_N5_K50_normal_rho0.0_full_hvhm.msgpack
train,1876,cpbsd_instance_2615_N5_K50_normal_rho0.0_full_hvhm.msgpack,/Users/sensen/.openclaw/workspace/domains/revenue-management/experiments/cpbsd_gcn_single_setting_n5_normal_rho0_full_hvhm/all_instances/cpbsd_instance_2615_N5_K50_normal_rho0.0_full_hvhm.msgpack
train,1877,cpbsd_instance_2616_N5_K50_normal_rho0.0_full_hvhm.msgpack,/Users/sensen/.openclaw/workspace/domains/revenue-management/experiments/cpbsd_gcn_single_setting_n5_normal_rho0_full_hvhm/all_instances/cpbsd_instance_2616_N5_K50_normal_rho0.0_full_hvhm.msgpack
train,1878,cpbsd_instance_2617_N5_K50_normal_rho0.0_full_hvhm.msgpack,/Users/sensen/.openclaw/workspace/domains/revenue-management/experiments/cpbsd_gcn_single_setting_n5_normal_rho0_full_hvhm/all_instances/cpbsd_instance_2617_N5_K50_normal_rho0.0_full_hvhm.msgpack
train,1879,cpbsd_instance_2618_N5_K50_normal_rho0.0_full_hvhm.msgpack,/Users/sensen/.openclaw/workspace/domains/revenue-management/experiments/cpbsd_gcn_single_setting_n5_normal_rho0_full_hvhm/all_instances/cpbsd_instance_2618_N5_K50_normal_rho0.0_full_hvhm.msgpack
train,1880,cpbsd_instance_2619_N5_K50_normal_rho0.0_full_hvhm.msgpack,/Users/sensen/.openclaw/workspace/domains/revenue-management/experiments/cpbsd_gcn_single_setting_n5_normal_rho0_full_hvhm/all_instances/cpbsd_instance_2619_N5_K50_normal_rho0.0_full_hvhm.msgpack
train,1881,cpbsd_instance_261_N5_K50_normal_rho0.0_full_hvhm.msgpack,/Users/sensen/.openclaw/workspace/domains/revenue-management/experiments/cpbsd_gcn_single_setting_n5_normal_rho0_full_hvhm/all_instances/cpbsd_instance_261_N5_K50_normal_rho0.0_full_hvhm.msgpack
train,1882,cpbsd_instance_2620_N5_K50_normal_rho0.0_full_hvhm.msgpack,/Users/sensen/.openclaw/workspace/domains/revenue-management/experiments/cpbsd_gcn_single_setting_n5_normal_rho0_full_hvhm/all_instances/cpbsd_instance_2620_N5_K50_normal_rho0.0_full_hvhm.msgpack
train,1883,cpbsd_instance_2621_N5_K50_normal_rho0.0_full_hvhm.msgpack,/Users/sensen/.openclaw/workspace/domains/revenue-management/experiments/cpbsd_gcn_single_setting_n5_normal_rho0_full_hvhm/all_instances/cpbsd_instance_2621_N5_K50_normal_rho0.0_full_hvhm.msgpack
train,1884,cpbsd_instance_2622_N5_K50_normal_rho0.0_full_hvhm.msgpack,/Users/sensen/.openclaw/workspace/domains/revenue-management/experiments/cpbsd_gcn_single_setting_n5_normal_rho0_full_hvhm/all_instances/cpbsd_instance_2622_N5_K50_normal_rho0.0_full_hvhm.msgpack
train,1885,cpbsd_instance_2623_N5_K50_normal_rho0.0_full_hvhm.msgpack,/Users/sensen/.openclaw/workspace/domains/revenue-management/experiments/cpbsd_gcn_single_setting_n5_normal_rho0_full_hvhm/all_instances/cpbsd_instance_2623_N5_K50_normal_rho0.0_full_hvhm.msgpack
train,1886,cpbsd_instance_2624_N5_K50_normal_rho0.0_full_hvhm.msgpack,/Users/sensen/.openclaw/workspace/domains/revenue-management/experiments/cpbsd_gcn_single_setting_n5_normal_rho0_full_hvhm/all_instances/cpbsd_instance_2624_N5_K50_normal_rho0.0_full_hvhm.msgpack
train,1887,cpbsd_instance_2625_N5_K50_normal_rho0.0_full_hvhm.msgpack,/Users/sensen/.openclaw/workspace/domains/revenue-management/experiments/cpbsd_gcn_single_setting_n5_normal_rho0_full_hvhm/all_instances/cpbsd_instance_2625_N5_K50_normal_rho0.0_full_hvhm.msgpack
train,1888,cpbsd_instance_2626_N5_K50_normal_rho0.0_full_hvhm.msgpack,/Users/sensen/.openclaw/workspace/domains/revenue-management/experiments/cpbsd_gcn_single_setting_n5_normal_rho0_full_hvhm/all_instances/cpbsd_instance_2626_N5_K50_normal_rho0.0_full_hvhm.msgpack
train,1889,cpbsd_instance_2627_N5_K50_normal_rho0.0_full_hvhm.msgpack,/Users/sensen/.openclaw/workspace/domains/revenue-management/experiments/cpbsd_gcn_single_setting_n5_normal_rho0_full_hvhm/all_instances/cpbsd_instance_2627_N5_K50_normal_rho0.0_full_hvhm.msgpack
train,1890,cpbsd_instance_2628_N5_K50_normal_rho0.0_full_hvhm.msgpack,/Users/sensen/.openclaw/workspace/domains/revenue-management/experiments/cpbsd_gcn_single_setting_n5_normal_rho0_full_hvhm/all_instances/cpbsd_instance_2628_N5_K50_normal_rho0.0_full_hvhm.msgpack
train,1891,cpbsd_instance_2629_N5_K50_normal_rho0.0_full_hvhm.msgpack,/Users/sensen/.openclaw/workspace/domains/revenue-management/experiments/cpbsd_gcn_single_setting_n5_normal_rho0_full_hvhm/all_instances/cpbsd_instance_2629_N5_K50_normal_rho0.0_full_hvhm.msgpack
train,1892,cpbsd_instance_262_N5_K50_normal_rho0.0_full_hvhm.msgpack,/Users/sensen/.openclaw/workspace/domains/revenue-management/experiments/cpbsd_gcn_single_setting_n5_normal_rho0_full_hvhm/all_instances/cpbsd_instance_262_N5_K50_normal_rho0.0_full_hvhm.msgpack
train,1893,cpbsd_instance_2630_N5_K50_normal_rho0.0_full_hvhm.msgpack,/Users/sensen/.openclaw/workspace/domains/revenue-management/experiments/cpbsd_gcn_single_setting_n5_normal_rho0_full_hvhm/all_instances/cpbsd_instance_2630_N5_K50_normal_rho0.0_full_hvhm.msgpack
train,1894,cpbsd_instance_2631_N5_K50_normal_rho0.0_full_hvhm.msgpack,/Users/sensen/.openclaw/workspace/domains/revenue-management/experiments/cpbsd_gcn_single_setting_n5_normal_rho0_full_hvhm/all_instances/cpbsd_instance_2631_N5_K50_normal_rho0.0_full_hvhm.msgpack
train,1895,cpbsd_instance_2632_N5_K50_normal_rho0.0_full_hvhm.msgpack,/Users/sensen/.openclaw/workspace/domains/revenue-management/experiments/cpbsd_gcn_single_setting_n5_normal_rho0_full_hvhm/all_instances/cpbsd_instance_2632_N5_K50_normal_rho0.0_full_hvhm.msgpack
train,1896,cpbsd_instance_2633_N5_K50_normal_rho0.0_full_hvhm.msgpack,/Users/sensen/.openclaw/workspace/domains/revenue-management/experiments/cpbsd_gcn_single_setting_n5_normal_rho0_full_hvhm/all_instances/cpbsd_instance_2633_N5_K50_normal_rho0.0_full_hvhm.msgpack
train,1897,cpbsd_instance_2634_N5_K50_normal_rho0.0_full_hvhm.msgpack,/Users/sensen/.openclaw/workspace/domains/revenue-management/experiments/cpbsd_gcn_single_setting_n5_normal_rho0_full_hvhm/all_instances/cpbsd_instance_2634_N5_K50_normal_rho0.0_full_hvhm.msgpack
train,1898,cpbsd_instance_2635_N5_K50_normal_rho0.0_full_hvhm.msgpack,/Users/sensen/.openclaw/workspace/domains/revenue-management/experiments/cpbsd_gcn_single_setting_n5_normal_rho0_full_hvhm/all_instances/cpbsd_instance_2635_N5_K50_normal_rho0.0_full_hvhm.msgpack
train,1899,cpbsd_instance_2636_N5_K50_normal_rho0.0_full_hvhm.msgpack,/Users/sensen/.openclaw/workspace/domains/revenue-management/experiments/cpbsd_gcn_single_setting_n5_normal_rho0_full_hvhm/all_instances/cpbsd_instance_2636_N5_K50_normal_rho0.0_full_hvhm.msgpack
train,1900,cpbsd_instance_2637_N5_K50_normal_rho0.0_full_hvhm.msgpack,/Users/sensen/.openclaw/workspace/domains/revenue-management/experiments/cpbsd_gcn_single_setting_n5_normal_rho0_full_hvhm/all_instances/cpbsd_instance_2637_N5_K50_normal_rho0.0_full_hvhm.msgpack
train,1901,cpbsd_instance_2638_N5_K50_normal_rho0.0_full_hvhm.msgpack,/Users/sensen/.openclaw/workspace/domains/revenue-management/experiments/cpbsd_gcn_single_setting_n5_normal_rho0_full_hvhm/all_instances/cpbsd_instance_2638_N5_K50_normal_rho0.0_full_hvhm.msgpack
train,1902,cpbsd_instance_2639_N5_K50_normal_rho0.0_full_hvhm.msgpack,/Users/sensen/.openclaw/workspace/domains/revenue-management/experiments/cpbsd_gcn_single_setting_n5_normal_rho0_full_hvhm/all_instances/cpbsd_instance_2639_N5_K50_normal_rho0.0_full_hvhm.msgpack
train,1903,cpbsd_instance_263_N5_K50_normal_rho0.0_full_hvhm.msgpack,/Users/sensen/.openclaw/workspace/domains/revenue-management/experiments/cpbsd_gcn_single_setting_n5_normal_rho0_full_hvhm/all_instances/cpbsd_instance_263_N5_K50_normal_rho0.0_full_hvhm.msgpack
train,1904,cpbsd_instance_2640_N5_K50_normal_rho0.0_full_hvhm.msgpack,/Users/sensen/.openclaw/workspace/domains/revenue-management/experiments/cpbsd_gcn_single_setting_n5_normal_rho0_full_hvhm/all_instances/cpbsd_instance_2640_N5_K50_normal_rho0.0_full_hvhm.msgpack
train,1905,cpbsd_instance_2641_N5_K50_normal_rho0.0_full_hvhm.msgpack,/Users/sensen/.openclaw/workspace/domains/revenue-management/experiments/cpbsd_gcn_single_setting_n5_normal_rho0_full_hvhm/all_instances/cpbsd_instance_2641_N5_K50_normal_rho0.0_full_hvhm.msgpack
train,1906,cpbsd_instance_2642_N5_K50_normal_rho0.0_full_hvhm.msgpack,/Users/sensen/.openclaw/workspace/domains/revenue-management/experiments/cpbsd_gcn_single_setting_n5_normal_rho0_full_hvhm/all_instances/cpbsd_instance_2642_N5_K50_normal_rho0.0_full_hvhm.msgpack
train,1907,cpbsd_instance_2643_N5_K50_normal_rho0.0_full_hvhm.msgpack,/Users/sensen/.openclaw/workspace/domains/revenue-management/experiments/cpbsd_gcn_single_setting_n5_normal_rho0_full_hvhm/all_instances/cpbsd_instance_2643_N5_K50_normal_rho0.0_full_hvhm.msgpack
train,1908,cpbsd_instance_2644_N5_K50_normal_rho0.0_full_hvhm.msgpack,/Users/sensen/.openclaw/workspace/domains/revenue-management/experiments/cpbsd_gcn_single_setting_n5_normal_rho0_full_hvhm/all_instances/cpbsd_instance_2644_N5_K50_normal_rho0.0_full_hvhm.msgpack
train,1909,cpbsd_instance_2645_N5_K50_normal_rho0.0_full_hvhm.msgpack,/Users/sensen/.openclaw/workspace/domains/revenue-management/experiments/cpbsd_gcn_single_setting_n5_normal_rho0_full_hvhm/all_instances/cpbsd_instance_2645_N5_K50_normal_rho0.0_full_hvhm.msgpack
train,1910,cpbsd_instance_2646_N5_K50_normal_rho0.0_full_hvhm.msgpack,/Users/sensen/.openclaw/workspace/domains/revenue-management/experiments/cpbsd_gcn_single_setting_n5_normal_rho0_full_hvhm/all_instances/cpbsd_instance_2646_N5_K50_normal_rho0.0_full_hvhm.msgpack
train,1911,cpbsd_instance_2647_N5_K50_normal_rho0.0_full_hvhm.msgpack,/Users/sensen/.openclaw/workspace/domains/revenue-management/experiments/cpbsd_gcn_single_setting_n5_normal_rho0_full_hvhm/all_instances/cpbsd_instance_2647_N5_K50_normal_rho0.0_full_hvhm.msgpack
train,1912,cpbsd_instance_2648_N5_K50_normal_rho0.0_full_hvhm.msgpack,/Users/sensen/.openclaw/workspace/domains/revenue-management/experiments/cpbsd_gcn_single_setting_n5_normal_rho0_full_hvhm/all_instances/cpbsd_instance_2648_N5_K50_normal_rho0.0_full_hvhm.msgpack
train,1913,cpbsd_instance_2649_N5_K50_normal_rho0.0_full_hvhm.msgpack,/Users/sensen/.openclaw/workspace/domains/revenue-management/experiments/cpbsd_gcn_single_setting_n5_normal_rho0_full_hvhm/all_instances/cpbsd_instance_2649_N5_K50_normal_rho0.0_full_hvhm.msgpack
train,1914,cpbsd_instance_264_N5_K50_normal_rho0.0_full_hvhm.msgpack,/Users/sensen/.openclaw/workspace/domains/revenue-management/experiments/cpbsd_gcn_single_setting_n5_normal_rho0_full_hvhm/all_instances/cpbsd_instance_264_N5_K50_normal_rho0.0_full_hvhm.msgpack
train,1915,cpbsd_instance_2650_N5_K50_normal_rho0.0_full_hvhm.msgpack,/Users/sensen/.openclaw/workspace/domains/revenue-management/experiments/cpbsd_gcn_single_setting_n5_normal_rho0_full_hvhm/all_instances/cpbsd_instance_2650_N5_K50_normal_rho0.0_full_hvhm.msgpack
train,1916,cpbsd_instance_2651_N5_K50_normal_rho0.0_full_hvhm.msgpack,/Users/sensen/.openclaw/workspace/domains/revenue-management/experiments/cpbsd_gcn_single_setting_n5_normal_rho0_full_hvhm/all_instances/cpbsd_instance_2651_N5_K50_normal_rho0.0_full_hvhm.msgpack
train,1917,cpbsd_instance_2652_N5_K50_normal_rho0.0_full_hvhm.msgpack,/Users/sensen/.openclaw/workspace/domains/revenue-management/experiments/cpbsd_gcn_single_setting_n5_normal_rho0_full_hvhm/all_instances/cpbsd_instance_2652_N5_K50_normal_rho0.0_full_hvhm.msgpack
train,1918,cpbsd_instance_2653_N5_K50_normal_rho0.0_full_hvhm.msgpack,/Users/sensen/.openclaw/workspace/domains/revenue-management/experiments/cpbsd_gcn_single_setting_n5_normal_rho0_full_hvhm/all_instances/cpbsd_instance_2653_N5_K50_normal_rho0.0_full_hvhm.msgpack
train,1919,cpbsd_instance_2654_N5_K50_normal_rho0.0_full_hvhm.msgpack,/Users/sensen/.openclaw/workspace/domains/revenue-management/experiments/cpbsd_gcn_single_setting_n5_normal_rho0_full_hvhm/all_instances/cpbsd_instance_2654_N5_K50_normal_rho0.0_full_hvhm.msgpack
train,1920,cpbsd_instance_2655_N5_K50_normal_rho0.0_full_hvhm.msgpack,/Users/sensen/.openclaw/workspace/domains/revenue-management/experiments/cpbsd_gcn_single_setting_n5_normal_rho0_full_hvhm/all_instances/cpbsd_instance_2655_N5_K50_normal_rho0.0_full_hvhm.msgpack
train,1921,cpbsd_instance_2656_N5_K50_normal_rho0.0_full_hvhm.msgpack,/Users/sensen/.openclaw/workspace/domains/revenue-management/experiments/cpbsd_gcn_single_setting_n5_normal_rho0_full_hvhm/all_instances/cpbsd_instance_2656_N5_K50_normal_rho0.0_full_hvhm.msgpack
train,1922,cpbsd_instance_2657_N5_K50_normal_rho0.0_full_hvhm.msgpack,/Users/sensen/.openclaw/workspace/domains/revenue-management/experiments/cpbsd_gcn_single_setting_n5_normal_rho0_full_hvhm/all_instances/cpbsd_instance_2657_N5_K50_normal_rho0.0_full_hvhm.msgpack
train,1923,cpbsd_instance_2658_N5_K50_normal_rho0.0_full_hvhm.msgpack,/Users/sensen/.openclaw/workspace/domains/revenue-management/experiments/cpbsd_gcn_single_setting_n5_normal_rho0_full_hvhm/all_instances/cpbsd_instance_2658_N5_K50_normal_rho0.0_full_hvhm.msgpack
train,1924,cpbsd_instance_2659_N5_K50_normal_rho0.0_full_hvhm.msgpack,/Users/sensen/.openclaw/workspace/domains/revenue-management/experiments/cpbsd_gcn_single_setting_n5_normal_rho0_full_hvhm/all_instances/cpbsd_instance_2659_N5_K50_normal_rho0.0_full_hvhm.msgpack
train,1925,cpbsd_instance_265_N5_K50_normal_rho0.0_full_hvhm.msgpack,/Users/sensen/.openclaw/workspace/domains/revenue-management/experiments/cpbsd_gcn_single_setting_n5_normal_rho0_full_hvhm/all_instances/cpbsd_instance_265_N5_K50_normal_rho0.0_full_hvhm.msgpack
train,1926,cpbsd_instance_2660_N5_K50_normal_rho0.0_full_hvhm.msgpack,/Users/sensen/.openclaw/workspace/domains/revenue-management/experiments/cpbsd_gcn_single_setting_n5_normal_rho0_full_hvhm/all_instances/cpbsd_instance_2660_N5_K50_normal_rho0.0_full_hvhm.msgpack
train,1927,cpbsd_instance_2661_N5_K50_normal_rho0.0_full_hvhm.msgpack,/Users/sensen/.openclaw/workspace/domains/revenue-management/experiments/cpbsd_gcn_single_setting_n5_normal_rho0_full_hvhm/all_instances/cpbsd_instance_2661_N5_K50_normal_rho0.0_full_hvhm.msgpack
train,1928,cpbsd_instance_2662_N5_K50_normal_rho0.0_full_hvhm.msgpack,/Users/sensen/.openclaw/workspace/domains/revenue-management/experiments/cpbsd_gcn_single_setting_n5_normal_rho0_full_hvhm/all_instances/cpbsd_instance_2662_N5_K50_normal_rho0.0_full_hvhm.msgpack
train,1929,cpbsd_instance_2663_N5_K50_normal_rho0.0_full_hvhm.msgpack,/Users/sensen/.openclaw/workspace/domains/revenue-management/experiments/cpbsd_gcn_single_setting_n5_normal_rho0_full_hvhm/all_instances/cpbsd_instance_2663_N5_K50_normal_rho0.0_full_hvhm.msgpack
train,1930,cpbsd_instance_2664_N5_K50_normal_rho0.0_full_hvhm.msgpack,/Users/sensen/.openclaw/workspace/domains/revenue-management/experiments/cpbsd_gcn_single_setting_n5_normal_rho0_full_hvhm/all_instances/cpbsd_instance_2664_N5_K50_normal_rho0.0_full_hvhm.msgpack
train,1931,cpbsd_instance_2665_N5_K50_normal_rho0.0_full_hvhm.msgpack,/Users/sensen/.openclaw/workspace/domains/revenue-management/experiments/cpbsd_gcn_single_setting_n5_normal_rho0_full_hvhm/all_instances/cpbsd_instance_2665_N5_K50_normal_rho0.0_full_hvhm.msgpack
train,1932,cpbsd_instance_2666_N5_K50_normal_rho0.0_full_hvhm.msgpack,/Users/sensen/.openclaw/workspace/domains/revenue-management/experiments/cpbsd_gcn_single_setting_n5_normal_rho0_full_hvhm/all_instances/cpbsd_instance_2666_N5_K50_normal_rho0.0_full_hvhm.msgpack
train,1933,cpbsd_instance_2667_N5_K50_normal_rho0.0_full_hvhm.msgpack,/Users/sensen/.openclaw/workspace/domains/revenue-management/experiments/cpbsd_gcn_single_setting_n5_normal_rho0_full_hvhm/all_instances/cpbsd_instance_2667_N5_K50_normal_rho0.0_full_hvhm.msgpack
train,1934,cpbsd_instance_2668_N5_K50_normal_rho0.0_full_hvhm.msgpack,/Users/sensen/.openclaw/workspace/domains/revenue-management/experiments/cpbsd_gcn_single_setting_n5_normal_rho0_full_hvhm/all_instances/cpbsd_instance_2668_N5_K50_normal_rho0.0_full_hvhm.msgpack
train,1935,cpbsd_instance_2669_N5_K50_normal_rho0.0_full_hvhm.msgpack,/Users/sensen/.openclaw/workspace/domains/revenue-management/experiments/cpbsd_gcn_single_setting_n5_normal_rho0_full_hvhm/all_instances/cpbsd_instance_2669_N5_K50_normal_rho0.0_full_hvhm.msgpack
train,1936,cpbsd_instance_266_N5_K50_normal_rho0.0_full_hvhm.msgpack,/Users/sensen/.openclaw/workspace/domains/revenue-management/experiments/cpbsd_gcn_single_setting_n5_normal_rho0_full_hvhm/all_instances/cpbsd_instance_266_N5_K50_normal_rho0.0_full_hvhm.msgpack
train,1937,cpbsd_instance_2670_N5_K50_normal_rho0.0_full_hvhm.msgpack,/Users/sensen/.openclaw/workspace/domains/revenue-management/experiments/cpbsd_gcn_single_setting_n5_normal_rho0_full_hvhm/all_instances/cpbsd_instance_2670_N5_K50_normal_rho0.0_full_hvhm.msgpack
train,1938,cpbsd_instance_2671_N5_K50_normal_rho0.0_full_hvhm.msgpack,/Users/sensen/.openclaw/workspace/domains/revenue-management/experiments/cpbsd_gcn_single_setting_n5_normal_rho0_full_hvhm/all_instances/cpbsd_instance_2671_N5_K50_normal_rho0.0_full_hvhm.msgpack
train,1939,cpbsd_instance_2672_N5_K50_normal_rho0.0_full_hvhm.msgpack,/Users/sensen/.openclaw/workspace/domains/revenue-management/experiments/cpbsd_gcn_single_setting_n5_normal_rho0_full_hvhm/all_instances/cpbsd_instance_2672_N5_K50_normal_rho0.0_full_hvhm.msgpack
train,1940,cpbsd_instance_2673_N5_K50_normal_rho0.0_full_hvhm.msgpack,/Users/sensen/.openclaw/workspace/domains/revenue-management/experiments/cpbsd_gcn_single_setting_n5_normal_rho0_full_hvhm/all_instances/cpbsd_instance_2673_N5_K50_normal_rho0.0_full_hvhm.msgpack
train,1941,cpbsd_instance_2674_N5_K50_normal_rho0.0_full_hvhm.msgpack,/Users/sensen/.openclaw/workspace/domains/revenue-management/experiments/cpbsd_gcn_single_setting_n5_normal_rho0_full_hvhm/all_instances/cpbsd_instance_2674_N5_K50_normal_rho0.0_full_hvhm.msgpack
train,1942,cpbsd_instance_2675_N5_K50_normal_rho0.0_full_hvhm.msgpack,/Users/sensen/.openclaw/workspace/domains/revenue-management/experiments/cpbsd_gcn_single_setting_n5_normal_rho0_full_hvhm/all_instances/cpbsd_instance_2675_N5_K50_normal_rho0.0_full_hvhm.msgpack
train,1943,cpbsd_instance_2676_N5_K50_normal_rho0.0_full_hvhm.msgpack,/Users/sensen/.openclaw/workspace/domains/revenue-management/experiments/cpbsd_gcn_single_setting_n5_normal_rho0_full_hvhm/all_instances/cpbsd_instance_2676_N5_K50_normal_rho0.0_full_hvhm.msgpack
train,1944,cpbsd_instance_2677_N5_K50_normal_rho0.0_full_hvhm.msgpack,/Users/sensen/.openclaw/workspace/domains/revenue-management/experiments/cpbsd_gcn_single_setting_n5_normal_rho0_full_hvhm/all_instances/cpbsd_instance_2677_N5_K50_normal_rho0.0_full_hvhm.msgpack
train,1945,cpbsd_instance_2678_N5_K50_normal_rho0.0_full_hvhm.msgpack,/Users/sensen/.openclaw/workspace/domains/revenue-management/experiments/cpbsd_gcn_single_setting_n5_normal_rho0_full_hvhm/all_instances/cpbsd_instance_2678_N5_K50_normal_rho0.0_full_hvhm.msgpack
train,1946,cpbsd_instance_2679_N5_K50_normal_rho0.0_full_hvhm.msgpack,/Users/sensen/.openclaw/workspace/domains/revenue-management/experiments/cpbsd_gcn_single_setting_n5_normal_rho0_full_hvhm/all_instances/cpbsd_instance_2679_N5_K50_normal_rho0.0_full_hvhm.msgpack
train,1947,cpbsd_instance_267_N5_K50_normal_rho0.0_full_hvhm.msgpack,/Users/sensen/.openclaw/workspace/domains/revenue-management/experiments/cpbsd_gcn_single_setting_n5_normal_rho0_full_hvhm/all_instances/cpbsd_instance_267_N5_K50_normal_rho0.0_full_hvhm.msgpack
train,1948,cpbsd_instance_2680_N5_K50_normal_rho0.0_full_hvhm.msgpack,/Users/sensen/.openclaw/workspace/domains/revenue-management/experiments/cpbsd_gcn_single_setting_n5_normal_rho0_full_hvhm/all_instances/cpbsd_instance_2680_N5_K50_normal_rho0.0_full_hvhm.msgpack
train,1949,cpbsd_instance_2681_N5_K50_normal_rho0.0_full_hvhm.msgpack,/Users/sensen/.openclaw/workspace/domains/revenue-management/experiments/cpbsd_gcn_single_setting_n5_normal_rho0_full_hvhm/all_instances/cpbsd_instance_2681_N5_K50_normal_rho0.0_full_hvhm.msgpack
train,1950,cpbsd_instance_2682_N5_K50_normal_rho0.0_full_hvhm.msgpack,/Users/sensen/.openclaw/workspace/domains/revenue-management/experiments/cpbsd_gcn_single_setting_n5_normal_rho0_full_hvhm/all_instances/cpbsd_instance_2682_N5_K50_normal_rho0.0_full_hvhm.msgpack
train,1951,cpbsd_instance_2683_N5_K50_normal_rho0.0_full_hvhm.msgpack,/Users/sensen/.openclaw/workspace/domains/revenue-management/experiments/cpbsd_gcn_single_setting_n5_normal_rho0_full_hvhm/all_instances/cpbsd_instance_2683_N5_K50_normal_rho0.0_full_hvhm.msgpack
train,1952,cpbsd_instance_2684_N5_K50_normal_rho0.0_full_hvhm.msgpack,/Users/sensen/.openclaw/workspace/domains/revenue-management/experiments/cpbsd_gcn_single_setting_n5_normal_rho0_full_hvhm/all_instances/cpbsd_instance_2684_N5_K50_normal_rho0.0_full_hvhm.msgpack
train,1953,cpbsd_instance_2685_N5_K50_normal_rho0.0_full_hvhm.msgpack,/Users/sensen/.openclaw/workspace/domains/revenue-management/experiments/cpbsd_gcn_single_setting_n5_normal_rho0_full_hvhm/all_instances/cpbsd_instance_2685_N5_K50_normal_rho0.0_full_hvhm.msgpack
train,1954,cpbsd_instance_2686_N5_K50_normal_rho0.0_full_hvhm.msgpack,/Users/sensen/.openclaw/workspace/domains/revenue-management/experiments/cpbsd_gcn_single_setting_n5_normal_rho0_full_hvhm/all_instances/cpbsd_instance_2686_N5_K50_normal_rho0.0_full_hvhm.msgpack
train,1955,cpbsd_instance_2687_N5_K50_normal_rho0.0_full_hvhm.msgpack,/Users/sensen/.openclaw/workspace/domains/revenue-management/experiments/cpbsd_gcn_single_setting_n5_normal_rho0_full_hvhm/all_instances/cpbsd_instance_2687_N5_K50_normal_rho0.0_full_hvhm.msgpack
train,1956,cpbsd_instance_2688_N5_K50_normal_rho0.0_full_hvhm.msgpack,/Users/sensen/.openclaw/workspace/domains/revenue-management/experiments/cpbsd_gcn_single_setting_n5_normal_rho0_full_hvhm/all_instances/cpbsd_instance_2688_N5_K50_normal_rho0.0_full_hvhm.msgpack
train,1957,cpbsd_instance_2689_N5_K50_normal_rho0.0_full_hvhm.msgpack,/Users/sensen/.openclaw/workspace/domains/revenue-management/experiments/cpbsd_gcn_single_setting_n5_normal_rho0_full_hvhm/all_instances/cpbsd_instance_2689_N5_K50_normal_rho0.0_full_hvhm.msgpack
train,1958,cpbsd_instance_268_N5_K50_normal_rho0.0_full_hvhm.msgpack,/Users/sensen/.openclaw/workspace/domains/revenue-management/experiments/cpbsd_gcn_single_setting_n5_normal_rho0_full_hvhm/all_instances/cpbsd_instance_268_N5_K50_normal_rho0.0_full_hvhm.msgpack
train,1959,cpbsd_instance_2690_N5_K50_normal_rho0.0_full_hvhm.msgpack,/Users/sensen/.openclaw/workspace/domains/revenue-management/experiments/cpbsd_gcn_single_setting_n5_normal_rho0_full_hvhm/all_instances/cpbsd_instance_2690_N5_K50_normal_rho0.0_full_hvhm.msgpack
train,1960,cpbsd_instance_2691_N5_K50_normal_rho0.0_full_hvhm.msgpack,/Users/sensen/.openclaw/workspace/domains/revenue-management/experiments/cpbsd_gcn_single_setting_n5_normal_rho0_full_hvhm/all_instances/cpbsd_instance_2691_N5_K50_normal_rho0.0_full_hvhm.msgpack
train,1961,cpbsd_instance_2692_N5_K50_normal_rho0.0_full_hvhm.msgpack,/Users/sensen/.openclaw/workspace/domains/revenue-management/experiments/cpbsd_gcn_single_setting_n5_normal_rho0_full_hvhm/all_instances/cpbsd_instance_2692_N5_K50_normal_rho0.0_full_hvhm.msgpack
train,1962,cpbsd_instance_2693_N5_K50_normal_rho0.0_full_hvhm.msgpack,/Users/sensen/.openclaw/workspace/domains/revenue-management/experiments/cpbsd_gcn_single_setting_n5_normal_rho0_full_hvhm/all_instances/cpbsd_instance_2693_N5_K50_normal_rho0.0_full_hvhm.msgpack
train,1963,cpbsd_instance_2694_N5_K50_normal_rho0.0_full_hvhm.msgpack,/Users/sensen/.openclaw/workspace/domains/revenue-management/experiments/cpbsd_gcn_single_setting_n5_normal_rho0_full_hvhm/all_instances/cpbsd_instance_2694_N5_K50_normal_rho0.0_full_hvhm.msgpack
train,1964,cpbsd_instance_2695_N5_K50_normal_rho0.0_full_hvhm.msgpack,/Users/sensen/.openclaw/workspace/domains/revenue-management/experiments/cpbsd_gcn_single_setting_n5_normal_rho0_full_hvhm/all_instances/cpbsd_instance_2695_N5_K50_normal_rho0.0_full_hvhm.msgpack
train,1965,cpbsd_instance_2696_N5_K50_normal_rho0.0_full_hvhm.msgpack,/Users/sensen/.openclaw/workspace/domains/revenue-management/experiments/cpbsd_gcn_single_setting_n5_normal_rho0_full_hvhm/all_instances/cpbsd_instance_2696_N5_K50_normal_rho0.0_full_hvhm.msgpack
train,1966,cpbsd_instance_2697_N5_K50_normal_rho0.0_full_hvhm.msgpack,/Users/sensen/.openclaw/workspace/domains/revenue-management/experiments/cpbsd_gcn_single_setting_n5_normal_rho0_full_hvhm/all_instances/cpbsd_instance_2697_N5_K50_normal_rho0.0_full_hvhm.msgpack
train,1967,cpbsd_instance_2698_N5_K50_normal_rho0.0_full_hvhm.msgpack,/Users/sensen/.openclaw/workspace/domains/revenue-management/experiments/cpbsd_gcn_single_setting_n5_normal_rho0_full_hvhm/all_instances/cpbsd_instance_2698_N5_K50_normal_rho0.0_full_hvhm.msgpack
train,1968,cpbsd_instance_2699_N5_K50_normal_rho0.0_full_hvhm.msgpack,/Users/sensen/.openclaw/workspace/domains/revenue-management/experiments/cpbsd_gcn_single_setting_n5_normal_rho0_full_hvhm/all_instances/cpbsd_instance_2699_N5_K50_normal_rho0.0_full_hvhm.msgpack
train,1969,cpbsd_instance_269_N5_K50_normal_rho0.0_full_hvhm.msgpack,/Users/sensen/.openclaw/workspace/domains/revenue-management/experiments/cpbsd_gcn_single_setting_n5_normal_rho0_full_hvhm/all_instances/cpbsd_instance_269_N5_K50_normal_rho0.0_full_hvhm.msgpack
train,1970,cpbsd_instance_2700_N5_K50_normal_rho0.0_full_hvhm.msgpack,/Users/sensen/.openclaw/workspace/domains/revenue-management/experiments/cpbsd_gcn_single_setting_n5_normal_rho0_full_hvhm/all_instances/cpbsd_instance_2700_N5_K50_normal_rho0.0_full_hvhm.msgpack
train,1971,cpbsd_instance_2701_N5_K50_normal_rho0.0_full_hvhm.msgpack,/Users/sensen/.openclaw/workspace/domains/revenue-management/experiments/cpbsd_gcn_single_setting_n5_normal_rho0_full_hvhm/all_instances/cpbsd_instance_2701_N5_K50_normal_rho0.0_full_hvhm.msgpack
train,1972,cpbsd_instance_2702_N5_K50_normal_rho0.0_full_hvhm.msgpack,/Users/sensen/.openclaw/workspace/domains/revenue-management/experiments/cpbsd_gcn_single_setting_n5_normal_rho0_full_hvhm/all_instances/cpbsd_instance_2702_N5_K50_normal_rho0.0_full_hvhm.msgpack
train,1973,cpbsd_instance_2703_N5_K50_normal_rho0.0_full_hvhm.msgpack,/Users/sensen/.openclaw/workspace/domains/revenue-management/experiments/cpbsd_gcn_single_setting_n5_normal_rho0_full_hvhm/all_instances/cpbsd_instance_2703_N5_K50_normal_rho0.0_full_hvhm.msgpack
train,1974,cpbsd_instance_2704_N5_K50_normal_rho0.0_full_hvhm.msgpack,/Users/sensen/.openclaw/workspace/domains/revenue-management/experiments/cpbsd_gcn_single_setting_n5_normal_rho0_full_hvhm/all_instances/cpbsd_instance_2704_N5_K50_normal_rho0.0_full_hvhm.msgpack
train,1975,cpbsd_instance_2705_N5_K50_normal_rho0.0_full_hvhm.msgpack,/Users/sensen/.openclaw/workspace/domains/revenue-management/experiments/cpbsd_gcn_single_setting_n5_normal_rho0_full_hvhm/all_instances/cpbsd_instance_2705_N5_K50_normal_rho0.0_full_hvhm.msgpack
train,1976,cpbsd_instance_2706_N5_K50_normal_rho0.0_full_hvhm.msgpack,/Users/sensen/.openclaw/workspace/domains/revenue-management/experiments/cpbsd_gcn_single_setting_n5_normal_rho0_full_hvhm/all_instances/cpbsd_instance_2706_N5_K50_normal_rho0.0_full_hvhm.msgpack
train,1977,cpbsd_instance_2707_N5_K50_normal_rho0.0_full_hvhm.msgpack,/Users/sensen/.openclaw/workspace/domains/revenue-management/experiments/cpbsd_gcn_single_setting_n5_normal_rho0_full_hvhm/all_instances/cpbsd_instance_2707_N5_K50_normal_rho0.0_full_hvhm.msgpack
train,1978,cpbsd_instance_2708_N5_K50_normal_rho0.0_full_hvhm.msgpack,/Users/sensen/.openclaw/workspace/domains/revenue-management/experiments/cpbsd_gcn_single_setting_n5_normal_rho0_full_hvhm/all_instances/cpbsd_instance_2708_N5_K50_normal_rho0.0_full_hvhm.msgpack
train,1979,cpbsd_instance_2709_N5_K50_normal_rho0.0_full_hvhm.msgpack,/Users/sensen/.openclaw/workspace/domains/revenue-management/experiments/cpbsd_gcn_single_setting_n5_normal_rho0_full_hvhm/all_instances/cpbsd_instance_2709_N5_K50_normal_rho0.0_full_hvhm.msgpack
train,1980,cpbsd_instance_270_N5_K50_normal_rho0.0_full_hvhm.msgpack,/Users/sensen/.openclaw/workspace/domains/revenue-management/experiments/cpbsd_gcn_single_setting_n5_normal_rho0_full_hvhm/all_instances/cpbsd_instance_270_N5_K50_normal_rho0.0_full_hvhm.msgpack
train,1981,cpbsd_instance_2710_N5_K50_normal_rho0.0_full_hvhm.msgpack,/Users/sensen/.openclaw/workspace/domains/revenue-management/experiments/cpbsd_gcn_single_setting_n5_normal_rho0_full_hvhm/all_instances/cpbsd_instance_2710_N5_K50_normal_rho0.0_full_hvhm.msgpack
train,1982,cpbsd_instance_2711_N5_K50_normal_rho0.0_full_hvhm.msgpack,/Users/sensen/.openclaw/workspace/domains/revenue-management/experiments/cpbsd_gcn_single_setting_n5_normal_rho0_full_hvhm/all_instances/cpbsd_instance_2711_N5_K50_normal_rho0.0_full_hvhm.msgpack
train,1983,cpbsd_instance_2712_N5_K50_normal_rho0.0_full_hvhm.msgpack,/Users/sensen/.openclaw/workspace/domains/revenue-management/experiments/cpbsd_gcn_single_setting_n5_normal_rho0_full_hvhm/all_instances/cpbsd_instance_2712_N5_K50_normal_rho0.0_full_hvhm.msgpack
train,1984,cpbsd_instance_2713_N5_K50_normal_rho0.0_full_hvhm.msgpack,/Users/sensen/.openclaw/workspace/domains/revenue-management/experiments/cpbsd_gcn_single_setting_n5_normal_rho0_full_hvhm/all_instances/cpbsd_instance_2713_N5_K50_normal_rho0.0_full_hvhm.msgpack
train,1985,cpbsd_instance_2714_N5_K50_normal_rho0.0_full_hvhm.msgpack,/Users/sensen/.openclaw/workspace/domains/revenue-management/experiments/cpbsd_gcn_single_setting_n5_normal_rho0_full_hvhm/all_instances/cpbsd_instance_2714_N5_K50_normal_rho0.0_full_hvhm.msgpack
train,1986,cpbsd_instance_2715_N5_K50_normal_rho0.0_full_hvhm.msgpack,/Users/sensen/.openclaw/workspace/domains/revenue-management/experiments/cpbsd_gcn_single_setting_n5_normal_rho0_full_hvhm/all_instances/cpbsd_instance_2715_N5_K50_normal_rho0.0_full_hvhm.msgpack
train,1987,cpbsd_instance_2716_N5_K50_normal_rho0.0_full_hvhm.msgpack,/Users/sensen/.openclaw/workspace/domains/revenue-management/experiments/cpbsd_gcn_single_setting_n5_normal_rho0_full_hvhm/all_instances/cpbsd_instance_2716_N5_K50_normal_rho0.0_full_hvhm.msgpack
train,1988,cpbsd_instance_2717_N5_K50_normal_rho0.0_full_hvhm.msgpack,/Users/sensen/.openclaw/workspace/domains/revenue-management/experiments/cpbsd_gcn_single_setting_n5_normal_rho0_full_hvhm/all_instances/cpbsd_instance_2717_N5_K50_normal_rho0.0_full_hvhm.msgpack
train,1989,cpbsd_instance_2718_N5_K50_normal_rho0.0_full_hvhm.msgpack,/Users/sensen/.openclaw/workspace/domains/revenue-management/experiments/cpbsd_gcn_single_setting_n5_normal_rho0_full_hvhm/all_instances/cpbsd_instance_2718_N5_K50_normal_rho0.0_full_hvhm.msgpack
train,1990,cpbsd_instance_2719_N5_K50_normal_rho0.0_full_hvhm.msgpack,/Users/sensen/.openclaw/workspace/domains/revenue-management/experiments/cpbsd_gcn_single_setting_n5_normal_rho0_full_hvhm/all_instances/cpbsd_instance_2719_N5_K50_normal_rho0.0_full_hvhm.msgpack
train,1991,cpbsd_instance_271_N5_K50_normal_rho0.0_full_hvhm.msgpack,/Users/sensen/.openclaw/workspace/domains/revenue-management/experiments/cpbsd_gcn_single_setting_n5_normal_rho0_full_hvhm/all_instances/cpbsd_instance_271_N5_K50_normal_rho0.0_full_hvhm.msgpack
train,1992,cpbsd_instance_2720_N5_K50_normal_rho0.0_full_hvhm.msgpack,/Users/sensen/.openclaw/workspace/domains/revenue-management/experiments/cpbsd_gcn_single_setting_n5_normal_rho0_full_hvhm/all_instances/cpbsd_instance_2720_N5_K50_normal_rho0.0_full_hvhm.msgpack
train,1993,cpbsd_instance_2721_N5_K50_normal_rho0.0_full_hvhm.msgpack,/Users/sensen/.openclaw/workspace/domains/revenue-management/experiments/cpbsd_gcn_single_setting_n5_normal_rho0_full_hvhm/all_instances/cpbsd_instance_2721_N5_K50_normal_rho0.0_full_hvhm.msgpack
train,1994,cpbsd_instance_2722_N5_K50_normal_rho0.0_full_hvhm.msgpack,/Users/sensen/.openclaw/workspace/domains/revenue-management/experiments/cpbsd_gcn_single_setting_n5_normal_rho0_full_hvhm/all_instances/cpbsd_instance_2722_N5_K50_normal_rho0.0_full_hvhm.msgpack
train,1995,cpbsd_instance_2723_N5_K50_normal_rho0.0_full_hvhm.msgpack,/Users/sensen/.openclaw/workspace/domains/revenue-management/experiments/cpbsd_gcn_single_setting_n5_normal_rho0_full_hvhm/all_instances/cpbsd_instance_2723_N5_K50_normal_rho0.0_full_hvhm.msgpack
train,1996,cpbsd_instance_2724_N5_K50_normal_rho0.0_full_hvhm.msgpack,/Users/sensen/.openclaw/workspace/domains/revenue-management/experiments/cpbsd_gcn_single_setting_n5_normal_rho0_full_hvhm/all_instances/cpbsd_instance_2724_N5_K50_normal_rho0.0_full_hvhm.msgpack
train,1997,cpbsd_instance_2725_N5_K50_normal_rho0.0_full_hvhm.msgpack,/Users/sensen/.openclaw/workspace/domains/revenue-management/experiments/cpbsd_gcn_single_setting_n5_normal_rho0_full_hvhm/all_instances/cpbsd_instance_2725_N5_K50_normal_rho0.0_full_hvhm.msgpack
train,1998,cpbsd_instance_2726_N5_K50_normal_rho0.0_full_hvhm.msgpack,/Users/sensen/.openclaw/workspace/domains/revenue-management/experiments/cpbsd_gcn_single_setting_n5_normal_rho0_full_hvhm/all_instances/cpbsd_instance_2726_N5_K50_normal_rho0.0_full_hvhm.msgpack
train,1999,cpbsd_instance_2727_N5_K50_normal_rho0.0_full_hvhm.msgpack,/Users/sensen/.openclaw/workspace/domains/revenue-management/experiments/cpbsd_gcn_single_setting_n5_normal_rho0_full_hvhm/all_instances/cpbsd_instance_2727_N5_K50_normal_rho0.0_full_hvhm.msgpack
train,2000,cpbsd_instance_2728_N5_K50_normal_rho0.0_full_hvhm.msgpack,/Users/sensen/.openclaw/workspace/domains/revenue-management/experiments/cpbsd_gcn_single_setting_n5_normal_rho0_full_hvhm/all_instances/cpbsd_instance_2728_N5_K50_normal_rho0.0_full_hvhm.msgpack
