split,index_in_split,filename,instance_path,result_path,solver_status,runtime,wall_time,mip_gap,objective,x_positive_rate,x_mean,has_solution,error
train,1,cpbsd_instance_001_N5_K50_normal_rho0.0_full_hvhm.msgpack,/Users/sensen/.openclaw/workspace/domains/revenue-management/experiments/cpbsd_gcn_single_setting_n5_normal_rho0_full_hvhm/all_instances/cpbsd_instance_001_N5_K50_normal_rho0.0_full_hvhm.msgpack,/Users/sensen/.openclaw/workspace/domains/revenue-management/experiments/cpbsd_mb_labels_chunked_run1/train/train_chunk_001/cpbsd_instance_001_N5_K50_normal_rho0.0_full_hvhm__mb.json,2,12.049438953399658,12.052695035934448,0.00981302782756647,1.8609463507295343,0.676,0.676,True,
train,2,cpbsd_instance_002_N5_K50_normal_rho0.0_full_hvhm.msgpack,/Users/sensen/.openclaw/workspace/domains/revenue-management/experiments/cpbsd_gcn_single_setting_n5_normal_rho0_full_hvhm/all_instances/cpbsd_instance_002_N5_K50_normal_rho0.0_full_hvhm.msgpack,/Users/sensen/.openclaw/workspace/domains/revenue-management/experiments/cpbsd_mb_labels_chunked_run1/train/train_chunk_001/cpbsd_instance_002_N5_K50_normal_rho0.0_full_hvhm__mb.json,9,300.0160038471222,300.01791191101074,0.011767456464503475,1.523715629811978,0.512,0.512,True,
train,3,cpbsd_instance_003_N5_K50_normal_rho0.0_full_hvhm.msgpack,/Users/sensen/.openclaw/workspace/domains/revenue-management/experiments/cpbsd_gcn_single_setting_n5_normal_rho0_full_hvhm/all_instances/cpbsd_instance_003_N5_K50_normal_rho0.0_full_hvhm.msgpack,/Users/sensen/.openclaw/workspace/domains/revenue-management/experiments/cpbsd_mb_labels_chunked_run1/train/train_chunk_001/cpbsd_instance_003_N5_K50_normal_rho0.0_full_hvhm__mb.json,2,163.88968515396118,163.891521692276,0.009981978405923094,1.572185893587035,0.552,0.552,True,
train,4,cpbsd_instance_004_N5_K50_normal_rho0.0_full_hvhm.msgpack,/Users/sensen/.openclaw/workspace/domains/revenue-management/experiments/cpbsd_gcn_single_setting_n5_normal_rho0_full_hvhm/all_instances/cpbsd_instance_004_N5_K50_normal_rho0.0_full_hvhm.msgpack,/Users/sensen/.openclaw/workspace/domains/revenue-management/experiments/cpbsd_mb_labels_chunked_run1/train/train_chunk_001/cpbsd_instance_004_N5_K50_normal_rho0.0_full_hvhm__mb.json,2,14.65634799003601,14.65817403793335,0.009792473159454838,1.74517572757058,0.536,0.536,True,
train,5,cpbsd_instance_005_N5_K50_normal_rho0.0_full_hvhm.msgpack,/Users/sensen/.openclaw/workspace/domains/revenue-management/experiments/cpbsd_gcn_single_setting_n5_normal_rho0_full_hvhm/all_instances/cpbsd_instance_005_N5_K50_normal_rho0.0_full_hvhm.msgpack,/Users/sensen/.openclaw/workspace/domains/revenue-management/experiments/cpbsd_mb_labels_chunked_run1/train/train_chunk_001/cpbsd_instance_005_N5_K50_normal_rho0.0_full_hvhm__mb.json,2,70.03587412834167,70.0377459526062,0.00968832202916773,1.5533595030777316,0.468,0.468,True,
train,6,cpbsd_instance_006_N5_K50_normal_rho0.0_full_hvhm.msgpack,/Users/sensen/.openclaw/workspace/domains/revenue-management/experiments/cpbsd_gcn_single_setting_n5_normal_rho0_full_hvhm/all_instances/cpbsd_instance_006_N5_K50_normal_rho0.0_full_hvhm.msgpack,/Users/sensen/.openclaw/workspace/domains/revenue-management/experiments/cpbsd_mb_labels_chunked_run1/train/train_chunk_001/cpbsd_instance_006_N5_K50_normal_rho0.0_full_hvhm__mb.json,2,49.17511796951294,49.17715883255005,0.009886129540354139,1.628873462507015,0.58,0.58,True,
train,7,cpbsd_instance_007_N5_K50_normal_rho0.0_full_hvhm.msgpack,/Users/sensen/.openclaw/workspace/domains/revenue-management/experiments/cpbsd_gcn_single_setting_n5_normal_rho0_full_hvhm/all_instances/cpbsd_instance_007_N5_K50_normal_rho0.0_full_hvhm.msgpack,/Users/sensen/.openclaw/workspace/domains/revenue-management/experiments/cpbsd_mb_labels_chunked_run1/train/train_chunk_001/cpbsd_instance_007_N5_K50_normal_rho0.0_full_hvhm__mb.json,2,94.29892492294312,94.30070900917053,0.009808038297455489,1.6381433338190212,0.632,0.632,True,
train,8,cpbsd_instance_008_N5_K50_normal_rho0.0_full_hvhm.msgpack,/Users/sensen/.openclaw/workspace/domains/revenue-management/experiments/cpbsd_gcn_single_setting_n5_normal_rho0_full_hvhm/all_instances/cpbsd_instance_008_N5_K50_normal_rho0.0_full_hvhm.msgpack,/Users/sensen/.openclaw/workspace/domains/revenue-management/experiments/cpbsd_mb_labels_chunked_run1/train/train_chunk_001/cpbsd_instance_008_N5_K50_normal_rho0.0_full_hvhm__mb.json,2,117.4647262096405,117.46652102470398,0.009638054527497117,1.7012752630819026,0.54,0.54,True,
train,9,cpbsd_instance_009_N5_K50_normal_rho0.0_full_hvhm.msgpack,/Users/sensen/.openclaw/workspace/domains/revenue-management/experiments/cpbsd_gcn_single_setting_n5_normal_rho0_full_hvhm/all_instances/cpbsd_instance_009_N5_K50_normal_rho0.0_full_hvhm.msgpack,/Users/sensen/.openclaw/workspace/domains/revenue-management/experiments/cpbsd_mb_labels_chunked_run1/train/train_chunk_001/cpbsd_instance_009_N5_K50_normal_rho0.0_full_hvhm__mb.json,9,300.00822401046753,300.0100739002228,0.019285368592097365,1.7845015218242841,0.552,0.552,True,
train,10,cpbsd_instance_010_N5_K50_normal_rho0.0_full_hvhm.msgpack,/Users/sensen/.openclaw/workspace/domains/revenue-management/experiments/cpbsd_gcn_single_setting_n5_normal_rho0_full_hvhm/all_instances/cpbsd_instance_010_N5_K50_normal_rho0.0_full_hvhm.msgpack,/Users/sensen/.openclaw/workspace/domains/revenue-management/experiments/cpbsd_mb_labels_chunked_run1/train/train_chunk_001/cpbsd_instance_010_N5_K50_normal_rho0.0_full_hvhm__mb.json,2,49.475959062576294,49.4778048992157,0.009578993137293308,1.760838019678541,0.624,0.624,True,
train,11,cpbsd_instance_011_N5_K50_normal_rho0.0_full_hvhm.msgpack,/Users/sensen/.openclaw/workspace/domains/revenue-management/experiments/cpbsd_gcn_single_setting_n5_normal_rho0_full_hvhm/all_instances/cpbsd_instance_011_N5_K50_normal_rho0.0_full_hvhm.msgpack,/Users/sensen/.openclaw/workspace/domains/revenue-management/experiments/cpbsd_mb_labels_chunked_run1/train/train_chunk_001/cpbsd_instance_011_N5_K50_normal_rho0.0_full_hvhm__mb.json,2,57.22795081138611,57.22976994514465,0.009513218801462435,1.5766426379480327,0.604,0.604,True,
train,12,cpbsd_instance_012_N5_K50_normal_rho0.0_full_hvhm.msgpack,/Users/sensen/.openclaw/workspace/domains/revenue-management/experiments/cpbsd_gcn_single_setting_n5_normal_rho0_full_hvhm/all_instances/cpbsd_instance_012_N5_K50_normal_rho0.0_full_hvhm.msgpack,/Users/sensen/.openclaw/workspace/domains/revenue-management/experiments/cpbsd_mb_labels_chunked_run1/train/train_chunk_001/cpbsd_instance_012_N5_K50_normal_rho0.0_full_hvhm__mb.json,2,74.2428731918335,74.24466896057129,0.009345114406005542,1.5728958053086253,0.624,0.624,True,
train,13,cpbsd_instance_013_N5_K50_normal_rho0.0_full_hvhm.msgpack,/Users/sensen/.openclaw/workspace/domains/revenue-management/experiments/cpbsd_gcn_single_setting_n5_normal_rho0_full_hvhm/all_instances/cpbsd_instance_013_N5_K50_normal_rho0.0_full_hvhm.msgpack,/Users/sensen/.openclaw/workspace/domains/revenue-management/experiments/cpbsd_mb_labels_chunked_run1/train/train_chunk_001/cpbsd_instance_013_N5_K50_normal_rho0.0_full_hvhm__mb.json,2,271.8928620815277,271.8946750164032,0.009698328122422186,1.6481552170687674,0.616,0.616,True,
train,14,cpbsd_instance_014_N5_K50_normal_rho0.0_full_hvhm.msgpack,/Users/sensen/.openclaw/workspace/domains/revenue-management/experiments/cpbsd_gcn_single_setting_n5_normal_rho0_full_hvhm/all_instances/cpbsd_instance_014_N5_K50_normal_rho0.0_full_hvhm.msgpack,/Users/sensen/.openclaw/workspace/domains/revenue-management/experiments/cpbsd_mb_labels_chunked_run1/train/train_chunk_001/cpbsd_instance_014_N5_K50_normal_rho0.0_full_hvhm__mb.json,2,116.32372117042542,116.32555508613586,0.00962645028718913,1.7688496296194696,0.56,0.56,True,
train,15,cpbsd_instance_015_N5_K50_normal_rho0.0_full_hvhm.msgpack,/Users/sensen/.openclaw/workspace/domains/revenue-management/experiments/cpbsd_gcn_single_setting_n5_normal_rho0_full_hvhm/all_instances/cpbsd_instance_015_N5_K50_normal_rho0.0_full_hvhm.msgpack,/Users/sensen/.openclaw/workspace/domains/revenue-management/experiments/cpbsd_mb_labels_chunked_run1/train/train_chunk_001/cpbsd_instance_015_N5_K50_normal_rho0.0_full_hvhm__mb.json,2,94.37637400627136,94.37822198867798,0.009950455686903342,1.6120953025720068,0.6,0.6,True,
train,16,cpbsd_instance_016_N5_K50_normal_rho0.0_full_hvhm.msgpack,/Users/sensen/.openclaw/workspace/domains/revenue-management/experiments/cpbsd_gcn_single_setting_n5_normal_rho0_full_hvhm/all_instances/cpbsd_instance_016_N5_K50_normal_rho0.0_full_hvhm.msgpack,/Users/sensen/.openclaw/workspace/domains/revenue-management/experiments/cpbsd_mb_labels_chunked_run1/train/train_chunk_001/cpbsd_instance_016_N5_K50_normal_rho0.0_full_hvhm__mb.json,2,72.90178608894348,72.90374517440796,0.00968095570748152,1.7338021259109018,0.624,0.624,True,
train,17,cpbsd_instance_017_N5_K50_normal_rho0.0_full_hvhm.msgpack,/Users/sensen/.openclaw/workspace/domains/revenue-management/experiments/cpbsd_gcn_single_setting_n5_normal_rho0_full_hvhm/all_instances/cpbsd_instance_017_N5_K50_normal_rho0.0_full_hvhm.msgpack,/Users/sensen/.openclaw/workspace/domains/revenue-management/experiments/cpbsd_mb_labels_chunked_run1/train/train_chunk_001/cpbsd_instance_017_N5_K50_normal_rho0.0_full_hvhm__mb.json,9,300.0157618522644,300.0175919532776,0.0155987601927595,1.589931967140328,0.572,0.572,True,
train,18,cpbsd_instance_018_N5_K50_normal_rho0.0_full_hvhm.msgpack,/Users/sensen/.openclaw/workspace/domains/revenue-management/experiments/cpbsd_gcn_single_setting_n5_normal_rho0_full_hvhm/all_instances/cpbsd_instance_018_N5_K50_normal_rho0.0_full_hvhm.msgpack,/Users/sensen/.openclaw/workspace/domains/revenue-management/experiments/cpbsd_mb_labels_chunked_run1/train/train_chunk_001/cpbsd_instance_018_N5_K50_normal_rho0.0_full_hvhm__mb.json,2,98.62209105491638,98.62394213676453,0.00993940821818048,1.6085765439744093,0.512,0.512,True,
train,19,cpbsd_instance_019_N5_K50_normal_rho0.0_full_hvhm.msgpack,/Users/sensen/.openclaw/workspace/domains/revenue-management/experiments/cpbsd_gcn_single_setting_n5_normal_rho0_full_hvhm/all_instances/cpbsd_instance_019_N5_K50_normal_rho0.0_full_hvhm.msgpack,/Users/sensen/.openclaw/workspace/domains/revenue-management/experiments/cpbsd_mb_labels_chunked_run1/train/train_chunk_001/cpbsd_instance_019_N5_K50_normal_rho0.0_full_hvhm__mb.json,2,130.9307029247284,130.93273615837097,0.009777684516226678,1.5176661281169195,0.504,0.504,True,
train,20,cpbsd_instance_020_N5_K50_normal_rho0.0_full_hvhm.msgpack,/Users/sensen/.openclaw/workspace/domains/revenue-management/experiments/cpbsd_gcn_single_setting_n5_normal_rho0_full_hvhm/all_instances/cpbsd_instance_020_N5_K50_normal_rho0.0_full_hvhm.msgpack,/Users/sensen/.openclaw/workspace/domains/revenue-management/experiments/cpbsd_mb_labels_chunked_run1/train/train_chunk_001/cpbsd_instance_020_N5_K50_normal_rho0.0_full_hvhm__mb.json,2,74.50344109535217,74.5052559375763,0.00973639845199939,1.6030064645154556,0.504,0.504,True,
train,21,cpbsd_instance_021_N5_K50_normal_rho0.0_full_hvhm.msgpack,/Users/sensen/.openclaw/workspace/domains/revenue-management/experiments/cpbsd_gcn_single_setting_n5_normal_rho0_full_hvhm/all_instances/cpbsd_instance_021_N5_K50_normal_rho0.0_full_hvhm.msgpack,/Users/sensen/.openclaw/workspace/domains/revenue-management/experiments/cpbsd_mb_labels_chunked_run1/train/train_chunk_001/cpbsd_instance_021_N5_K50_normal_rho0.0_full_hvhm__mb.json,2,154.73002290725708,154.73192882537842,0.009912809121521583,1.4416362914589103,0.58,0.58,True,
train,22,cpbsd_instance_022_N5_K50_normal_rho0.0_full_hvhm.msgpack,/Users/sensen/.openclaw/workspace/domains/revenue-management/experiments/cpbsd_gcn_single_setting_n5_normal_rho0_full_hvhm/all_instances/cpbsd_instance_022_N5_K50_normal_rho0.0_full_hvhm.msgpack,/Users/sensen/.openclaw/workspace/domains/revenue-management/experiments/cpbsd_mb_labels_chunked_run1/train/train_chunk_001/cpbsd_instance_022_N5_K50_normal_rho0.0_full_hvhm__mb.json,2,150.86512398719788,150.8669409751892,0.009922205319600396,1.6587719905900176,0.576,0.576,True,
train,23,cpbsd_instance_023_N5_K50_normal_rho0.0_full_hvhm.msgpack,/Users/sensen/.openclaw/workspace/domains/revenue-management/experiments/cpbsd_gcn_single_setting_n5_normal_rho0_full_hvhm/all_instances/cpbsd_instance_023_N5_K50_normal_rho0.0_full_hvhm.msgpack,/Users/sensen/.openclaw/workspace/domains/revenue-management/experiments/cpbsd_mb_labels_chunked_run1/train/train_chunk_001/cpbsd_instance_023_N5_K50_normal_rho0.0_full_hvhm__mb.json,2,124.23328614234924,124.23508405685425,0.009480419758123311,1.8166540022955042,0.704,0.704,True,
train,24,cpbsd_instance_024_N5_K50_normal_rho0.0_full_hvhm.msgpack,/Users/sensen/.openclaw/workspace/domains/revenue-management/experiments/cpbsd_gcn_single_setting_n5_normal_rho0_full_hvhm/all_instances/cpbsd_instance_024_N5_K50_normal_rho0.0_full_hvhm.msgpack,/Users/sensen/.openclaw/workspace/domains/revenue-management/experiments/cpbsd_mb_labels_chunked_run1/train/train_chunk_001/cpbsd_instance_024_N5_K50_normal_rho0.0_full_hvhm__mb.json,2,75.64824318885803,75.65015983581543,0.009120484933338436,1.678633674810078,0.544,0.544,True,
train,25,cpbsd_instance_025_N5_K50_normal_rho0.0_full_hvhm.msgpack,/Users/sensen/.openclaw/workspace/domains/revenue-management/experiments/cpbsd_gcn_single_setting_n5_normal_rho0_full_hvhm/all_instances/cpbsd_instance_025_N5_K50_normal_rho0.0_full_hvhm.msgpack,/Users/sensen/.openclaw/workspace/domains/revenue-management/experiments/cpbsd_mb_labels_chunked_run1/train/train_chunk_001/cpbsd_instance_025_N5_K50_normal_rho0.0_full_hvhm__mb.json,2,46.6982901096344,46.70007300376892,0.00888723233468268,1.622091573709573,0.592,0.592,True,
train,26,cpbsd_instance_026_N5_K50_normal_rho0.0_full_hvhm.msgpack,/Users/sensen/.openclaw/workspace/domains/revenue-management/experiments/cpbsd_gcn_single_setting_n5_normal_rho0_full_hvhm/all_instances/cpbsd_instance_026_N5_K50_normal_rho0.0_full_hvhm.msgpack,/Users/sensen/.openclaw/workspace/domains/revenue-management/experiments/cpbsd_mb_labels_chunked_run1/train/train_chunk_001/cpbsd_instance_026_N5_K50_normal_rho0.0_full_hvhm__mb.json,2,47.65492296218872,47.656718015670776,0.008738964215512068,1.8174743396798796,0.636,0.636,True,
train,27,cpbsd_instance_027_N5_K50_normal_rho0.0_full_hvhm.msgpack,/Users/sensen/.openclaw/workspace/domains/revenue-management/experiments/cpbsd_gcn_single_setting_n5_normal_rho0_full_hvhm/all_instances/cpbsd_instance_027_N5_K50_normal_rho0.0_full_hvhm.msgpack,/Users/sensen/.openclaw/workspace/domains/revenue-management/experiments/cpbsd_mb_labels_chunked_run1/train/train_chunk_001/cpbsd_instance_027_N5_K50_normal_rho0.0_full_hvhm__mb.json,2,175.0866367816925,175.08855295181274,0.009890447212846805,1.6516594431832239,0.596,0.596,True,
train,28,cpbsd_instance_028_N5_K50_normal_rho0.0_full_hvhm.msgpack,/Users/sensen/.openclaw/workspace/domains/revenue-management/experiments/cpbsd_gcn_single_setting_n5_normal_rho0_full_hvhm/all_instances/cpbsd_instance_028_N5_K50_normal_rho0.0_full_hvhm.msgpack,/Users/sensen/.openclaw/workspace/domains/revenue-management/experiments/cpbsd_mb_labels_chunked_run1/train/train_chunk_001/cpbsd_instance_028_N5_K50_normal_rho0.0_full_hvhm__mb.json,2,53.81926202774048,53.82116198539734,0.009922778142321214,1.5437792601286948,0.584,0.584,True,
train,29,cpbsd_instance_029_N5_K50_normal_rho0.0_full_hvhm.msgpack,/Users/sensen/.openclaw/workspace/domains/revenue-management/experiments/cpbsd_gcn_single_setting_n5_normal_rho0_full_hvhm/all_instances/cpbsd_instance_029_N5_K50_normal_rho0.0_full_hvhm.msgpack,/Users/sensen/.openclaw/workspace/domains/revenue-management/experiments/cpbsd_mb_labels_chunked_run1/train/train_chunk_001/cpbsd_instance_029_N5_K50_normal_rho0.0_full_hvhm__mb.json,2,216.0540111064911,216.0558557510376,0.009795250004731235,1.6382239394573377,0.636,0.636,True,
train,30,cpbsd_instance_030_N5_K50_normal_rho0.0_full_hvhm.msgpack,/Users/sensen/.openclaw/workspace/domains/revenue-management/experiments/cpbsd_gcn_single_setting_n5_normal_rho0_full_hvhm/all_instances/cpbsd_instance_030_N5_K50_normal_rho0.0_full_hvhm.msgpack,/Users/sensen/.openclaw/workspace/domains/revenue-management/experiments/cpbsd_mb_labels_chunked_run1/train/train_chunk_001/cpbsd_instance_030_N5_K50_normal_rho0.0_full_hvhm__mb.json,2,55.384408950805664,55.386378049850464,0.009804269659583167,1.7928731158137956,0.592,0.592,True,
train,31,cpbsd_instance_031_N5_K50_normal_rho0.0_full_hvhm.msgpack,/Users/sensen/.openclaw/workspace/domains/revenue-management/experiments/cpbsd_gcn_single_setting_n5_normal_rho0_full_hvhm/all_instances/cpbsd_instance_031_N5_K50_normal_rho0.0_full_hvhm.msgpack,/Users/sensen/.openclaw/workspace/domains/revenue-management/experiments/cpbsd_mb_labels_chunked_run1/train/train_chunk_001/cpbsd_instance_031_N5_K50_normal_rho0.0_full_hvhm__mb.json,9,300.0072820186615,300.00936126708984,0.028404991894726363,1.6016709143258376,0.516,0.516,True,
train,32,cpbsd_instance_032_N5_K50_normal_rho0.0_full_hvhm.msgpack,/Users/sensen/.openclaw/workspace/domains/revenue-management/experiments/cpbsd_gcn_single_setting_n5_normal_rho0_full_hvhm/all_instances/cpbsd_instance_032_N5_K50_normal_rho0.0_full_hvhm.msgpack,/Users/sensen/.openclaw/workspace/domains/revenue-management/experiments/cpbsd_mb_labels_chunked_run1/train/train_chunk_001/cpbsd_instance_032_N5_K50_normal_rho0.0_full_hvhm__mb.json,9,300.03338289260864,300.0353972911835,0.04708059272801988,1.4374479258312995,0.572,0.572,True,
train,33,cpbsd_instance_033_N5_K50_normal_rho0.0_full_hvhm.msgpack,/Users/sensen/.openclaw/workspace/domains/revenue-management/experiments/cpbsd_gcn_single_setting_n5_normal_rho0_full_hvhm/all_instances/cpbsd_instance_033_N5_K50_normal_rho0.0_full_hvhm.msgpack,/Users/sensen/.openclaw/workspace/domains/revenue-management/experiments/cpbsd_mb_labels_chunked_run1/train/train_chunk_001/cpbsd_instance_033_N5_K50_normal_rho0.0_full_hvhm__mb.json,2,52.914165019989014,52.91604399681091,0.009791514663592078,1.6516579366466555,0.528,0.528,True,
train,34,cpbsd_instance_034_N5_K50_normal_rho0.0_full_hvhm.msgpack,/Users/sensen/.openclaw/workspace/domains/revenue-management/experiments/cpbsd_gcn_single_setting_n5_normal_rho0_full_hvhm/all_instances/cpbsd_instance_034_N5_K50_normal_rho0.0_full_hvhm.msgpack,/Users/sensen/.openclaw/workspace/domains/revenue-management/experiments/cpbsd_mb_labels_chunked_run1/train/train_chunk_001/cpbsd_instance_034_N5_K50_normal_rho0.0_full_hvhm__mb.json,9,300.00757813453674,300.0093972682953,0.015666806342914553,1.5112393814380074,0.592,0.592,True,
train,35,cpbsd_instance_035_N5_K50_normal_rho0.0_full_hvhm.msgpack,/Users/sensen/.openclaw/workspace/domains/revenue-management/experiments/cpbsd_gcn_single_setting_n5_normal_rho0_full_hvhm/all_instances/cpbsd_instance_035_N5_K50_normal_rho0.0_full_hvhm.msgpack,/Users/sensen/.openclaw/workspace/domains/revenue-management/experiments/cpbsd_mb_labels_chunked_run1/train/train_chunk_001/cpbsd_instance_035_N5_K50_normal_rho0.0_full_hvhm__mb.json,9,300.0111229419708,300.0129678249359,0.023150387951302275,1.5166793145732658,0.54,0.54,True,
train,36,cpbsd_instance_036_N5_K50_normal_rho0.0_full_hvhm.msgpack,/Users/sensen/.openclaw/workspace/domains/revenue-management/experiments/cpbsd_gcn_single_setting_n5_normal_rho0_full_hvhm/all_instances/cpbsd_instance_036_N5_K50_normal_rho0.0_full_hvhm.msgpack,/Users/sensen/.openclaw/workspace/domains/revenue-management/experiments/cpbsd_mb_labels_chunked_run1/train/train_chunk_001/cpbsd_instance_036_N5_K50_normal_rho0.0_full_hvhm__mb.json,2,170.41862797737122,170.42047691345215,0.009818285427266827,1.7932596765645006,0.588,0.588,True,
train,37,cpbsd_instance_037_N5_K50_normal_rho0.0_full_hvhm.msgpack,/Users/sensen/.openclaw/workspace/domains/revenue-management/experiments/cpbsd_gcn_single_setting_n5_normal_rho0_full_hvhm/all_instances/cpbsd_instance_037_N5_K50_normal_rho0.0_full_hvhm.msgpack,/Users/sensen/.openclaw/workspace/domains/revenue-management/experiments/cpbsd_mb_labels_chunked_run1/train/train_chunk_001/cpbsd_instance_037_N5_K50_normal_rho0.0_full_hvhm__mb.json,2,75.92192006111145,75.92373490333557,0.00948097273375189,1.6720529989634012,0.524,0.524,True,
train,38,cpbsd_instance_038_N5_K50_normal_rho0.0_full_hvhm.msgpack,/Users/sensen/.openclaw/workspace/domains/revenue-management/experiments/cpbsd_gcn_single_setting_n5_normal_rho0_full_hvhm/all_instances/cpbsd_instance_038_N5_K50_normal_rho0.0_full_hvhm.msgpack,/Users/sensen/.openclaw/workspace/domains/revenue-management/experiments/cpbsd_mb_labels_chunked_run1/train/train_chunk_001/cpbsd_instance_038_N5_K50_normal_rho0.0_full_hvhm__mb.json,9,300.0083260536194,300.01019191741943,0.016768454838154912,1.481753869936473,0.528,0.528,True,
train,39,cpbsd_instance_039_N5_K50_normal_rho0.0_full_hvhm.msgpack,/Users/sensen/.openclaw/workspace/domains/revenue-management/experiments/cpbsd_gcn_single_setting_n5_normal_rho0_full_hvhm/all_instances/cpbsd_instance_039_N5_K50_normal_rho0.0_full_hvhm.msgpack,/Users/sensen/.openclaw/workspace/domains/revenue-management/experiments/cpbsd_mb_labels_chunked_run1/train/train_chunk_001/cpbsd_instance_039_N5_K50_normal_rho0.0_full_hvhm__mb.json,2,220.23330283164978,220.23510313034058,0.009993045233437746,1.6155473098711914,0.576,0.576,True,
train,40,cpbsd_instance_040_N5_K50_normal_rho0.0_full_hvhm.msgpack,/Users/sensen/.openclaw/workspace/domains/revenue-management/experiments/cpbsd_gcn_single_setting_n5_normal_rho0_full_hvhm/all_instances/cpbsd_instance_040_N5_K50_normal_rho0.0_full_hvhm.msgpack,/Users/sensen/.openclaw/workspace/domains/revenue-management/experiments/cpbsd_mb_labels_chunked_run1/train/train_chunk_001/cpbsd_instance_040_N5_K50_normal_rho0.0_full_hvhm__mb.json,2,291.2504861354828,291.2522828578949,0.009775222512324544,1.6667030661849658,0.524,0.524,True,
train,41,cpbsd_instance_041_N5_K50_normal_rho0.0_full_hvhm.msgpack,/Users/sensen/.openclaw/workspace/domains/revenue-management/experiments/cpbsd_gcn_single_setting_n5_normal_rho0_full_hvhm/all_instances/cpbsd_instance_041_N5_K50_normal_rho0.0_full_hvhm.msgpack,/Users/sensen/.openclaw/workspace/domains/revenue-management/experiments/cpbsd_mb_labels_chunked_run1/train/train_chunk_001/cpbsd_instance_041_N5_K50_normal_rho0.0_full_hvhm__mb.json,2,123.13309288024902,123.13515090942383,0.00998721240906613,1.5799451110270795,0.5,0.5,True,
train,42,cpbsd_instance_042_N5_K50_normal_rho0.0_full_hvhm.msgpack,/Users/sensen/.openclaw/workspace/domains/revenue-management/experiments/cpbsd_gcn_single_setting_n5_normal_rho0_full_hvhm/all_instances/cpbsd_instance_042_N5_K50_normal_rho0.0_full_hvhm.msgpack,/Users/sensen/.openclaw/workspace/domains/revenue-management/experiments/cpbsd_mb_labels_chunked_run1/train/train_chunk_001/cpbsd_instance_042_N5_K50_normal_rho0.0_full_hvhm__mb.json,2,78.41301393508911,78.41491508483887,0.009779659551351051,1.5758652216276146,0.556,0.556,True,
train,43,cpbsd_instance_043_N5_K50_normal_rho0.0_full_hvhm.msgpack,/Users/sensen/.openclaw/workspace/domains/revenue-management/experiments/cpbsd_gcn_single_setting_n5_normal_rho0_full_hvhm/all_instances/cpbsd_instance_043_N5_K50_normal_rho0.0_full_hvhm.msgpack,/Users/sensen/.openclaw/workspace/domains/revenue-management/experiments/cpbsd_mb_labels_chunked_run1/train/train_chunk_001/cpbsd_instance_043_N5_K50_normal_rho0.0_full_hvhm__mb.json,2,69.67119407653809,69.67299294471741,0.009616398472499172,1.5429678808784293,0.588,0.588,True,
train,44,cpbsd_instance_044_N5_K50_normal_rho0.0_full_hvhm.msgpack,/Users/sensen/.openclaw/workspace/domains/revenue-management/experiments/cpbsd_gcn_single_setting_n5_normal_rho0_full_hvhm/all_instances/cpbsd_instance_044_N5_K50_normal_rho0.0_full_hvhm.msgpack,/Users/sensen/.openclaw/workspace/domains/revenue-management/experiments/cpbsd_mb_labels_chunked_run1/train/train_chunk_001/cpbsd_instance_044_N5_K50_normal_rho0.0_full_hvhm__mb.json,2,54.55991196632385,54.56178402900696,0.009796258992360567,1.6985256052935898,0.536,0.536,True,
train,45,cpbsd_instance_045_N5_K50_normal_rho0.0_full_hvhm.msgpack,/Users/sensen/.openclaw/workspace/domains/revenue-management/experiments/cpbsd_gcn_single_setting_n5_normal_rho0_full_hvhm/all_instances/cpbsd_instance_045_N5_K50_normal_rho0.0_full_hvhm.msgpack,/Users/sensen/.openclaw/workspace/domains/revenue-management/experiments/cpbsd_mb_labels_chunked_run1/train/train_chunk_001/cpbsd_instance_045_N5_K50_normal_rho0.0_full_hvhm__mb.json,9,300.0098931789398,300.01169991493225,0.01431567402862866,1.7504866637774128,0.656,0.656,True,
train,46,cpbsd_instance_046_N5_K50_normal_rho0.0_full_hvhm.msgpack,/Users/sensen/.openclaw/workspace/domains/revenue-management/experiments/cpbsd_gcn_single_setting_n5_normal_rho0_full_hvhm/all_instances/cpbsd_instance_046_N5_K50_normal_rho0.0_full_hvhm.msgpack,/Users/sensen/.openclaw/workspace/domains/revenue-management/experiments/cpbsd_mb_labels_chunked_run1/train/train_chunk_001/cpbsd_instance_046_N5_K50_normal_rho0.0_full_hvhm__mb.json,2,220.55798602104187,220.55980515480042,0.00996256142198769,1.4513191142467785,0.5,0.5,True,
train,47,cpbsd_instance_047_N5_K50_normal_rho0.0_full_hvhm.msgpack,/Users/sensen/.openclaw/workspace/domains/revenue-management/experiments/cpbsd_gcn_single_setting_n5_normal_rho0_full_hvhm/all_instances/cpbsd_instance_047_N5_K50_normal_rho0.0_full_hvhm.msgpack,/Users/sensen/.openclaw/workspace/domains/revenue-management/experiments/cpbsd_mb_labels_chunked_run1/train/train_chunk_001/cpbsd_instance_047_N5_K50_normal_rho0.0_full_hvhm__mb.json,2,150.9947738647461,150.99657821655273,0.009518920829954064,1.7791787681759208,0.584,0.584,True,
train,48,cpbsd_instance_048_N5_K50_normal_rho0.0_full_hvhm.msgpack,/Users/sensen/.openclaw/workspace/domains/revenue-management/experiments/cpbsd_gcn_single_setting_n5_normal_rho0_full_hvhm/all_instances/cpbsd_instance_048_N5_K50_normal_rho0.0_full_hvhm.msgpack,/Users/sensen/.openclaw/workspace/domains/revenue-management/experiments/cpbsd_mb_labels_chunked_run1/train/train_chunk_001/cpbsd_instance_048_N5_K50_normal_rho0.0_full_hvhm__mb.json,2,149.77793097496033,149.7798409461975,0.009614618406582167,1.583591040778141,0.576,0.576,True,
train,49,cpbsd_instance_049_N5_K50_normal_rho0.0_full_hvhm.msgpack,/Users/sensen/.openclaw/workspace/domains/revenue-management/experiments/cpbsd_gcn_single_setting_n5_normal_rho0_full_hvhm/all_instances/cpbsd_instance_049_N5_K50_normal_rho0.0_full_hvhm.msgpack,/Users/sensen/.openclaw/workspace/domains/revenue-management/experiments/cpbsd_mb_labels_chunked_run1/train/train_chunk_001/cpbsd_instance_049_N5_K50_normal_rho0.0_full_hvhm__mb.json,2,89.30333518981934,89.30516791343689,0.009893749439868114,1.7584359437764816,0.636,0.636,True,
train,50,cpbsd_instance_050_N5_K50_normal_rho0.0_full_hvhm.msgpack,/Users/sensen/.openclaw/workspace/domains/revenue-management/experiments/cpbsd_gcn_single_setting_n5_normal_rho0_full_hvhm/all_instances/cpbsd_instance_050_N5_K50_normal_rho0.0_full_hvhm.msgpack,/Users/sensen/.openclaw/workspace/domains/revenue-management/experiments/cpbsd_mb_labels_chunked_run1/train/train_chunk_001/cpbsd_instance_050_N5_K50_normal_rho0.0_full_hvhm__mb.json,2,283.96324706077576,283.9651679992676,0.009926992335413172,1.5826883839033543,0.596,0.596,True,
train,51,cpbsd_instance_051_N5_K50_normal_rho0.0_full_hvhm.msgpack,/Users/sensen/.openclaw/workspace/domains/revenue-management/experiments/cpbsd_gcn_single_setting_n5_normal_rho0_full_hvhm/all_instances/cpbsd_instance_051_N5_K50_normal_rho0.0_full_hvhm.msgpack,/Users/sensen/.openclaw/workspace/domains/revenue-management/experiments/cpbsd_mb_labels_chunked_run1/train/train_chunk_001/cpbsd_instance_051_N5_K50_normal_rho0.0_full_hvhm__mb.json,9,300.0120210647583,300.01381492614746,0.012652220659784216,1.6244239098188447,0.592,0.592,True,
train,52,cpbsd_instance_052_N5_K50_normal_rho0.0_full_hvhm.msgpack,/Users/sensen/.openclaw/workspace/domains/revenue-management/experiments/cpbsd_gcn_single_setting_n5_normal_rho0_full_hvhm/all_instances/cpbsd_instance_052_N5_K50_normal_rho0.0_full_hvhm.msgpack,/Users/sensen/.openclaw/workspace/domains/revenue-management/experiments/cpbsd_mb_labels_chunked_run1/train/train_chunk_001/cpbsd_instance_052_N5_K50_normal_rho0.0_full_hvhm__mb.json,2,100.24234819412231,100.2443950176239,0.00963611610341376,1.4267381889208022,0.52,0.52,True,
train,53,cpbsd_instance_053_N5_K50_normal_rho0.0_full_hvhm.msgpack,/Users/sensen/.openclaw/workspace/domains/revenue-management/experiments/cpbsd_gcn_single_setting_n5_normal_rho0_full_hvhm/all_instances/cpbsd_instance_053_N5_K50_normal_rho0.0_full_hvhm.msgpack,/Users/sensen/.openclaw/workspace/domains/revenue-management/experiments/cpbsd_mb_labels_chunked_run1/train/train_chunk_001/cpbsd_instance_053_N5_K50_normal_rho0.0_full_hvhm__mb.json,2,51.10709500312805,51.108882904052734,0.009862447927059826,1.6908231724250653,0.556,0.556,True,
train,54,cpbsd_instance_054_N5_K50_normal_rho0.0_full_hvhm.msgpack,/Users/sensen/.openclaw/workspace/domains/revenue-management/experiments/cpbsd_gcn_single_setting_n5_normal_rho0_full_hvhm/all_instances/cpbsd_instance_054_N5_K50_normal_rho0.0_full_hvhm.msgpack,/Users/sensen/.openclaw/workspace/domains/revenue-management/experiments/cpbsd_mb_labels_chunked_run1/train/train_chunk_001/cpbsd_instance_054_N5_K50_normal_rho0.0_full_hvhm__mb.json,2,115.62744212150574,115.62928533554077,0.009375012882984913,1.5877972870651376,0.528,0.528,True,
train,55,cpbsd_instance_055_N5_K50_normal_rho0.0_full_hvhm.msgpack,/Users/sensen/.openclaw/workspace/domains/revenue-management/experiments/cpbsd_gcn_single_setting_n5_normal_rho0_full_hvhm/all_instances/cpbsd_instance_055_N5_K50_normal_rho0.0_full_hvhm.msgpack,/Users/sensen/.openclaw/workspace/domains/revenue-management/experiments/cpbsd_mb_labels_chunked_run1/train/train_chunk_001/cpbsd_instance_055_N5_K50_normal_rho0.0_full_hvhm__mb.json,2,203.2430899143219,203.24501132965088,0.009838640940412029,1.700291984926698,0.608,0.608,True,
train,56,cpbsd_instance_056_N5_K50_normal_rho0.0_full_hvhm.msgpack,/Users/sensen/.openclaw/workspace/domains/revenue-management/experiments/cpbsd_gcn_single_setting_n5_normal_rho0_full_hvhm/all_instances/cpbsd_instance_056_N5_K50_normal_rho0.0_full_hvhm.msgpack,/Users/sensen/.openclaw/workspace/domains/revenue-management/experiments/cpbsd_mb_labels_chunked_run1/train/train_chunk_001/cpbsd_instance_056_N5_K50_normal_rho0.0_full_hvhm__mb.json,2,106.27368807792664,106.27561497688293,0.009459142835691487,1.6640450841438919,0.544,0.544,True,
train,57,cpbsd_instance_057_N5_K50_normal_rho0.0_full_hvhm.msgpack,/Users/sensen/.openclaw/workspace/domains/revenue-management/experiments/cpbsd_gcn_single_setting_n5_normal_rho0_full_hvhm/all_instances/cpbsd_instance_057_N5_K50_normal_rho0.0_full_hvhm.msgpack,/Users/sensen/.openclaw/workspace/domains/revenue-management/experiments/cpbsd_mb_labels_chunked_run1/train/train_chunk_001/cpbsd_instance_057_N5_K50_normal_rho0.0_full_hvhm__mb.json,2,68.35112500190735,68.35298609733582,0.009897117669146622,1.639105742596398,0.532,0.532,True,
train,58,cpbsd_instance_058_N5_K50_normal_rho0.0_full_hvhm.msgpack,/Users/sensen/.openclaw/workspace/domains/revenue-management/experiments/cpbsd_gcn_single_setting_n5_normal_rho0_full_hvhm/all_instances/cpbsd_instance_058_N5_K50_normal_rho0.0_full_hvhm.msgpack,/Users/sensen/.openclaw/workspace/domains/revenue-management/experiments/cpbsd_mb_labels_chunked_run1/train/train_chunk_001/cpbsd_instance_058_N5_K50_normal_rho0.0_full_hvhm__mb.json,9,300.0757658481598,300.0776581764221,0.0638965907927331,1.2411896439936025,0.452,0.452,True,
train,59,cpbsd_instance_059_N5_K50_normal_rho0.0_full_hvhm.msgpack,/Users/sensen/.openclaw/workspace/domains/revenue-management/experiments/cpbsd_gcn_single_setting_n5_normal_rho0_full_hvhm/all_instances/cpbsd_instance_059_N5_K50_normal_rho0.0_full_hvhm.msgpack,/Users/sensen/.openclaw/workspace/domains/revenue-management/experiments/cpbsd_mb_labels_chunked_run1/train/train_chunk_001/cpbsd_instance_059_N5_K50_normal_rho0.0_full_hvhm__mb.json,2,115.70909404754639,115.71106100082397,0.009978526616003514,1.740821727675447,0.62,0.62,True,
train,60,cpbsd_instance_060_N5_K50_normal_rho0.0_full_hvhm.msgpack,/Users/sensen/.openclaw/workspace/domains/revenue-management/experiments/cpbsd_gcn_single_setting_n5_normal_rho0_full_hvhm/all_instances/cpbsd_instance_060_N5_K50_normal_rho0.0_full_hvhm.msgpack,/Users/sensen/.openclaw/workspace/domains/revenue-management/experiments/cpbsd_mb_labels_chunked_run1/train/train_chunk_001/cpbsd_instance_060_N5_K50_normal_rho0.0_full_hvhm__mb.json,9,300.01331996917725,300.01520586013794,0.014809958788155797,1.5556832624117067,0.588,0.588,True,
train,61,cpbsd_instance_061_N5_K50_normal_rho0.0_full_hvhm.msgpack,/Users/sensen/.openclaw/workspace/domains/revenue-management/experiments/cpbsd_gcn_single_setting_n5_normal_rho0_full_hvhm/all_instances/cpbsd_instance_061_N5_K50_normal_rho0.0_full_hvhm.msgpack,/Users/sensen/.openclaw/workspace/domains/revenue-management/experiments/cpbsd_mb_labels_chunked_run1/train/train_chunk_001/cpbsd_instance_061_N5_K50_normal_rho0.0_full_hvhm__mb.json,2,125.2833960056305,125.28555226325989,0.009699456575413257,1.4648312540256927,0.492,0.492,True,
train,62,cpbsd_instance_062_N5_K50_normal_rho0.0_full_hvhm.msgpack,/Users/sensen/.openclaw/workspace/domains/revenue-management/experiments/cpbsd_gcn_single_setting_n5_normal_rho0_full_hvhm/all_instances/cpbsd_instance_062_N5_K50_normal_rho0.0_full_hvhm.msgpack,/Users/sensen/.openclaw/workspace/domains/revenue-management/experiments/cpbsd_mb_labels_chunked_run1/train/train_chunk_001/cpbsd_instance_062_N5_K50_normal_rho0.0_full_hvhm__mb.json,2,164.60386395454407,164.60574316978455,0.00960254984112276,1.749791207746001,0.696,0.696,True,
train,63,cpbsd_instance_063_N5_K50_normal_rho0.0_full_hvhm.msgpack,/Users/sensen/.openclaw/workspace/domains/revenue-management/experiments/cpbsd_gcn_single_setting_n5_normal_rho0_full_hvhm/all_instances/cpbsd_instance_063_N5_K50_normal_rho0.0_full_hvhm.msgpack,/Users/sensen/.openclaw/workspace/domains/revenue-management/experiments/cpbsd_mb_labels_chunked_run1/train/train_chunk_001/cpbsd_instance_063_N5_K50_normal_rho0.0_full_hvhm__mb.json,2,60.61571979522705,60.61774516105652,0.009130710964561113,1.6833438213300405,0.592,0.592,True,
train,64,cpbsd_instance_064_N5_K50_normal_rho0.0_full_hvhm.msgpack,/Users/sensen/.openclaw/workspace/domains/revenue-management/experiments/cpbsd_gcn_single_setting_n5_normal_rho0_full_hvhm/all_instances/cpbsd_instance_064_N5_K50_normal_rho0.0_full_hvhm.msgpack,/Users/sensen/.openclaw/workspace/domains/revenue-management/experiments/cpbsd_mb_labels_chunked_run1/train/train_chunk_001/cpbsd_instance_064_N5_K50_normal_rho0.0_full_hvhm__mb.json,9,300.0061628818512,300.00807881355286,0.010606974469940767,1.7536694349034938,0.64,0.64,True,
